id,name,code,account_type,reconcile
account_common_101,Fons social,101,equity,False
account_common_102,Capital,102,equity,False
account_common_108,Accions o participacions pròpies en situacions especials,108,equity,False
account_common_109,Accions o participacions pròpies per a reducció de capital,109,equity,False
account_common_110,Prima d’emissió o assumpció,110,equity,False
account_common_1140,Reserves per a accions o participacions de la societat dominant,1140,equity,False
account_common_1141,Reserves estatutàries,1141,equity,False
account_common_1142,Reserva per capital amortitzat,1142,equity,False
account_common_1144,Reserves per accions pròpies acceptades en garantia,1144,equity,False
account_common_118,Aportacions de socis o propietaris,118,equity,False
account_common_119,Diferències per ajust del capital a euros,119,equity,False
account_common_131,Donacions i llegats de capital,131,equity,False
account_common_1370,Ingressos fiscals per diferències permanents a distribuir en diversos exercicis,1370,equity,False
account_common_1371,Ingressos fiscals per deduccions i bonificacions a distribuir en diversos exercicis,1371,equity,False
account_common_141,Provisió per a impostos,141,liability_non_current,True
account_common_142,Provisió per a altres responsabilitats,142,liability_non_current,True
account_common_143,"Provisió per desmantellament, retirament o rehabilitació de l’immobilitzat",143,liability_non_current,True
account_common_145,Provisió per a actuacions mediambientals,145,liability_non_current,True
account_common_1533,"Desemborsaments no exigits, empreses del grup",1533,liability_non_current,False
account_common_1534,"Desemborsaments no exigits, empreses associades",1534,liability_non_current,False
account_common_1535,"Desemborsaments no exigits, altres parts vinculades",1535,liability_non_current,False
account_common_1536,Altres desemborsaments no exigits,1536,liability_non_current,False
account_common_1543,"Aportacions no dineràries pendents, empreses del grup",1543,liability_non_current,False
account_common_1544,"Aportacions no dineràries pendents, empreses associades",1544,liability_non_current,False
account_common_1545,"Aportacions no dineràries pendents, altres parts vinculades",1545,liability_non_current,False
account_common_1546,Altres aportacions no dineràries pendents,1546,liability_non_current,False
account_common_1603,"Deutes a llarg termini amb entitats de crèdit, empreses del grup",1603,liability_non_current,False
account_common_1604,"Deutes a llarg termini amb entitats de crèdit, empreses associades",1604,liability_non_current,False
account_common_1605,Deutes a llarg termini amb altres entitats de crèdit vinculades,1605,liability_non_current,False
account_common_1613,"Proveïdors d’immobilitzat a llarg termini, empreses del grup",1613,liability_non_current,False
account_common_1614,"Proveïdors d’immobilitzat a llarg termini, empreses associades",1614,liability_non_current,False
account_common_1615,"Proveïdors d’immobilitzat a llarg termini, altres parts vinculades",1615,liability_non_current,False
account_common_1623,"Creditors per arrendament financer a llarg termini, empreses de grup",1623,liability_non_current,False
account_common_1624,"Creditors per arrendament financer a llarg termini, empreses associades",1624,liability_non_current,False
account_common_1625,"Creditors per arrendament financer a llarg termini, altres parts vinculades.",1625,liability_non_current,False
account_common_1633,"Altres deutes a llarg termini, empreses del grup",1633,liability_non_current,False
account_common_1634,"Altres deutes a llarg termini, empreses associades",1634,liability_non_current,False
account_common_1635,"Altres deutes a llarg termini, amb altres parts vinculades",1635,liability_non_current,False
account_common_170,Deutes a llarg termini amb entitats de crèdit,170,liability_non_current,False
account_common_172,"Deutes a llarg termini transformables en subvencions, donacions i llegats",172,liability_non_current,False
account_common_173,Proveïdors d’immobilitzat a llarg termini,173,liability_non_current,False
account_common_174,Creditors per arrendament financer a llarg termini,174,liability_non_current,False
account_common_175,Efectes a pagar a llarg termini,175,liability_non_current,False
account_common_176,Passius per derivats financers a llarg termini,176,liability_non_current,False
account_common_177,Obligacions i bons,177,liability_non_current,False
account_common_179,Deutes representats en altres valors negociables,179,liability_non_current,False
account_common_180,Fiances rebudes a llarg termini,180,liability_non_current,False
account_common_181,Avançaments rebuts per vendes o prestacions de serveis a llarg termini,181,liability_non_current,False
account_common_185,Dipòsits rebuts a llarg termini,185,liability_non_current,False
account_common_190,Accions o participacions emeses,190,liability_non_current,False
account_common_192,Subscriptors d’accions,192,liability_non_current,False
account_common_194,Capital emès pendent d’inscripció,194,liability_non_current,False
account_common_195,Accions o participacions emeses considerades passius financers,195,liability_non_current,False
account_common_197,Subscriptors d’accions considerades passius financers,197,liability_non_current,False
account_common_199,Accions o participacions emeses considerades passius financers pendents d’inscripció,199,liability_non_current,False
account_common_200,Recerca,200,asset_fixed,False
account_common_201,Desenvolupament,201,asset_fixed,False
account_common_202,Concessions administratives,202,asset_fixed,False
account_common_203,Propietat industrial,203,asset_fixed,False
account_common_205,Drets de traspàs,205,asset_fixed,False
account_common_206,Aplicacions informàtiques,206,asset_fixed,False
account_common_209,Avançaments per a immobilitzacions intangibles,209,asset_fixed,False
account_common_210,Terrenys i béns naturals,210,asset_fixed,False
account_common_211,Construccions,211,asset_fixed,False
account_common_212,Instal·lacions tècniques,212,asset_fixed,False
account_common_213,Maquinària,213,asset_fixed,False
account_common_214,Utillatge,214,asset_fixed,False
account_common_215,Altres instal·lacions,215,asset_fixed,False
account_common_216,Mobiliari,216,asset_fixed,False
account_common_217,Equips per a processos d’informació,217,asset_fixed,False
account_common_218,Elements de transport,218,asset_fixed,False
account_common_219,Altre immobilitzat material,219,asset_fixed,False
account_common_220,Inversions en terrenys i béns naturals,220,asset_fixed,False
account_common_221,Inversions en construccions,221,asset_fixed,False
account_common_230,Adaptació de terrenys i béns naturals,230,asset_fixed,False
account_common_231,Construccions en curs,231,asset_fixed,False
account_common_232,Instal·lacions tècniques en muntatge,232,asset_fixed,False
account_common_233,Maquinària en muntatge,233,asset_fixed,False
account_common_237,Equips per a processos d’informació en muntatge,237,asset_fixed,False
account_common_239,Avançaments per a immobilitzacions materials,239,asset_fixed,False
account_common_2413,Valors representatius de deute a llarg termini d’empreses del grup,2413,asset_fixed,False
account_common_2414,Valors representatius de deute a llarg termini d’empreses associades,2414,asset_fixed,False
account_common_2415,Valors representatius de deute a llarg termini d’altres parts vinculades,2415,asset_fixed,False
account_common_2423,Crèdits a llarg termini a empreses del grup,2423,asset_fixed,False
account_common_2424,Crèdits a llarg termini a empreses associades,2424,asset_fixed,False
account_common_2425,Crèdits a llarg termini a altres parts vinculades,2425,asset_fixed,False
account_common_250,Inversions financeres a llarg termini en instruments de patrimoni,250,asset_fixed,False
account_common_251,Valors representatius de deute a llarg termini,251,asset_fixed,False
account_common_252,Crèdits a llarg termini,252,asset_fixed,False
account_common_253,Crèdits a llarg termini per alienació d’immobilitzat,253,asset_fixed,False
account_common_254,Crèdits a llarg termini al personal,254,asset_fixed,False
account_common_258,Imposicions a llarg termini,258,asset_fixed,False
account_common_259,Desemborsaments pendents sobre participacions en el patrimoni net a llarg termini,259,asset_fixed,False
account_common_260,Fiances constituïdes a llarg termini,260,asset_fixed,False
account_common_265,Dipòsits constituïts a llarg termini,265,asset_fixed,False
account_common_2800,Amortització acumulada de recerca,2800,asset_fixed,False
account_common_2801,Amortització acumulada de desenvolupament,2801,asset_fixed,False
account_common_2802,Amortització acumulada de concessions administratives,2802,asset_fixed,False
account_common_2803,Amortització acumulada de propietat industrial,2803,asset_fixed,False
account_common_2805,Amortització acumulada de drets de traspàs,2805,asset_fixed,False
account_common_2806,Amortització acumulada d’aplicacions informàtiques,2806,asset_fixed,False
account_common_2811,Amortització acumulada de construccions,2811,asset_fixed,False
account_common_2812,Amortització acumulada d’instal·lacions tècniques,2812,asset_fixed,False
account_common_2813,Amortització acumulada de maquinària,2813,asset_fixed,False
account_common_2814,Amortització acumulada d’utillatge,2814,asset_fixed,False
account_common_2815,Amortització acumulada d’altres instal·lacions,2815,asset_fixed,False
account_common_2816,Amortització acumulada de mobiliari,2816,asset_fixed,False
account_common_2817,Amortització acumulada d’equips per a processos d’informació,2817,asset_fixed,False
account_common_2818,Amortització acumulada d’elements de transport,2818,asset_fixed,False
account_common_2819,Amortització acumulada d’un altre immobilitzat material,2819,asset_fixed,False
account_common_282,Amortització acumulada de les inversions immobiliàries,282,asset_fixed,False
account_common_2900,Deteriorament de valor de recerca,2900,asset_fixed,False
account_common_2901,Deteriorament del valor de desenvolupament,2901,asset_fixed,False
account_common_2902,Deteriorament de valor de concessions administratives,2902,asset_fixed,False
account_common_2903,Deteriorament de valor de propietat industrial,2903,asset_fixed,False
account_common_2905,Deteriorament de valor de drets de traspàs,2905,asset_fixed,False
account_common_2906,Deteriorament de valor d’aplicacions informàtiques,2906,asset_fixed,False
account_common_2910,Deteriorament de valor de terrenys i béns naturals,2910,asset_fixed,False
account_common_2911,Deteriorament de valor de construccions,2911,asset_fixed,False
account_common_2912,Deteriorament de valor d’instal·lacions tècniques,2912,asset_fixed,False
account_common_2913,Deteriorament de valor de maquinària,2913,asset_fixed,False
account_common_2914,Deteriorament de valor d’utillatge,2914,asset_fixed,False
account_common_2915,Deteriorament de valor d’altres instal·lacions,2915,asset_fixed,False
account_common_2916,Deteriorament de valor de mobiliari,2916,asset_fixed,False
account_common_2917,Deteriorament de valor d’equips per a processos d’informació,2917,asset_fixed,False
account_common_2918,Deteriorament de valor d’elements de transport,2918,asset_fixed,False
account_common_2919,Deteriorament de valor d’un altre immobilitzat material,2919,asset_fixed,False
account_common_2920,Deteriorament de valor dels terrenys i béns naturals,2920,asset_fixed,False
account_common_2921,Deteriorament de valor de construccions,2921,asset_fixed,False
account_common_2933,Deteriorament de valor de participacions a llarg termini en empreses del grup,2933,asset_fixed,False
account_common_2934,Deteriorament de valor de participacions a llarg termini en empreses associades,2934,asset_fixed,False
account_common_2943,Deteriorament de valor de valors representatius de deute a llarg termini d’empreses del grup,2943,asset_fixed,False
account_common_2944,Deteriorament de valor de valors representatius de deute a llarg termini d’empreses associades,2944,asset_fixed,False
account_common_2945,Deteriorament de valor de valors representatius de deute a llarg termini d’altres parts vinculades,2945,asset_fixed,False
account_common_2953,Deteriorament de valor de crèdits a llarg termini a empreses del grup,2953,asset_fixed,False
account_common_2954,Deteriorament de valor de crèdits a llarg termini a empreses associades,2954,asset_fixed,False
account_common_2955,Deteriorament de valor de crèdits a llarg termini a altres parts vinculades,2955,asset_fixed,False
account_common_297,Deteriorament de valor de valors representatius de deute a llarg termini,297,asset_fixed,False
account_common_298,Deteriorament de valor de crèdits a llarg termini,298,asset_fixed,False
account_common_300,Mercaderies A,300,asset_current,False
account_common_301,Mercaderies B,301,asset_current,False
account_common_310,Primeres matèries A,310,asset_current,False
account_common_311,Primeres matèries B,311,asset_current,False
account_common_320,Elements i conjunts incorporables,320,asset_current,False
account_common_321,Combustibles,321,asset_current,False
account_common_322,Recanvis,322,asset_current,False
account_common_325,Materials diversos,325,asset_current,False
account_common_326,Embalatges,326,asset_current,False
account_common_327,Envasos,327,asset_current,False
account_common_328,Material d’oficina,328,asset_current,False
account_common_330,Productes en curs A,330,asset_current,False
account_common_331,Productes en curs B,331,asset_current,False
account_common_340,Productes semiacabats A,340,asset_current,False
account_common_341,Productes semiacabats B,341,asset_current,False
account_common_350,Productes acabats A,350,asset_current,False
account_common_351,Productes acabats B,351,asset_current,False
account_common_360,Subproductes A,360,asset_current,False
account_common_361,Subproductes B,361,asset_current,False
account_common_365,Residus A,365,asset_current,False
account_common_366,Residus B,366,asset_current,False
account_common_368,Materials recuperats A,368,asset_current,False
account_common_369,Materials recuperats B,369,asset_current,False
account_common_390,Deteriorament de valor de les mercaderies,390,asset_current,False
account_common_391,Deteriorament de valor de les primeres matèries,391,asset_current,False
account_common_392,Deteriorament de valor d’altres aprovisionaments,392,asset_current,False
account_common_393,Deteriorament de valor dels productes en curs,393,asset_current,False
account_common_394,Deteriorament de valor dels productes semiacabats,394,asset_current,False
account_common_395,Deteriorament de valor dels productes acabats,395,asset_current,False
account_common_396,"Deteriorament de valor dels subproductes, residus i materials recuperats",396,asset_current,False
account_common_4000,Proveïdors (euros),4000,liability_payable,True
account_common_4004,Proveïdors (moneda estrangera),4004,liability_payable,True
account_common_4009,"Proveïdors, factures pendents de rebre o de formalitzar",4009,liability_current,True
account_common_401,"Proveïdors, efectes comercials a pagar",401,liability_payable,True
account_common_4030,"Proveïdors, empreses del grup (euros)",4030,liability_payable,True
account_common_4031,"Efectes comercials a pagar, empreses del grup",4031,liability_payable,True
account_common_4034,"Proveïdors, empreses del grup (moneda estrangera)",4034,liability_payable,True
account_common_4036,"Envasos i embalatges a tornar a proveïdors, empreses del grup",4036,liability_payable,True
account_common_4039,"Proveïdors, empreses del grup, factures pendents de rebre o de formalitzar",4039,liability_payable,True
account_common_404,"Proveïdors, empreses associades",404,liability_payable,True
account_common_405,"Proveïdors, altres parts vinculades",405,liability_payable,True
account_common_406,Envasos i embalatges a tornar a proveïdors,406,liability_payable,True
account_common_407,Avançaments a proveïdors,407,liability_payable,True
account_common_4100,Creditors per prestacions de serveis (euros),4100,liability_payable,True
account_common_4104,Creditors per prestacions de serveis (moneda estrangera),4104,liability_payable,True
account_common_4109,"Creditors per prestacions de serveis, factures pendents de rebre o de formalitzar",4109,liability_payable,True
account_common_411,"Creditors, efectes comercials a pagar",411,asset_current,True
account_common_419,Creditors per operacions en comú,419,liability_payable,True
account_common_4300,Clients (euros),4300,asset_receivable,True
account_common_4301,Clients (euros) (PoS),4301,asset_receivable,True
account_common_4304,Clients (moneda estrangera),4304,asset_receivable,True
account_common_4309,"Clients, factures pendents de formalitzar",4309,asset_receivable,True
account_common_4310,Efectes comercials en cartera,4310,asset_receivable,True
account_common_4311,Efectes comercials descomptats,4311,asset_receivable,True
account_common_4312,Efectes comercials en gestió de cobrament,4312,asset_current,True
account_common_4315,Efectes comercials impagats,4315,asset_receivable,True
account_common_432,"Clients, operacions de facturatge",432,asset_receivable,True
account_common_4330,Clients empreses del grup (euros),4330,asset_receivable,True
account_common_4331,"Efectes comercials a cobrar, empreses del grup",4331,asset_receivable,True
account_common_4332,"Clients empreses del grup, operacions de facturatge",4332,asset_receivable,True
account_common_4334,Clients empreses del grup (moneda estrangera),4334,asset_receivable,True
account_common_4336,Clients empreses del grup de cobrament dubtós,4336,asset_receivable,True
account_common_4337,"Envasos i embalatges a tornar a clients, empreses del grup",4337,asset_receivable,True
account_common_4339,"Clients empreses del grup, factures pendents de formalitzar",4339,asset_receivable,True
account_common_434,"Clients, empreses associades",434,asset_receivable,True
account_common_435,"Clients, altres parts vinculades",435,asset_receivable,True
account_common_436,Clients de cobrament dubtós,436,asset_receivable,True
account_common_437,Envasos i embalatges a tornar per clients,437,asset_receivable,True
account_common_438,Avançaments de clients,438,liability_current,True
account_common_4400,Deutors (euros),4400,asset_receivable,True
account_common_4404,Deutors (moneda estrangera),4404,asset_receivable,True
account_common_4409,"Deutors, factures pendents de formalitzar",4409,asset_receivable,True
account_common_4410,"Deutors, efectes comercials en cartera",4410,asset_receivable,True
account_common_4411,"Deutors, efectes comercials descomptats",4411,asset_receivable,True
account_common_4412,"Deutors, efectes comercials en gestió de cobrament",4412,asset_receivable,True
account_common_4415,"Deutors, efectes comercials impagats",4415,asset_receivable,True
account_common_446,Deutors de cobrament dubtós,446,asset_receivable,True
account_common_449,Deutors per operacions en comú,449,asset_receivable,True
account_common_460,Avançaments de remuneracions,460,asset_receivable,True
account_common_465,Remuneracions pendents de pagament,465,liability_payable,True
account_common_4700,"Hisenda pública, deutora per IVA",4700,asset_current,True
account_common_4708,"Hisenda pública, deutora per subvencions concedides",4708,asset_current,True
account_common_4709,"Hisenda pública, deutora per devolució d’impostos",4709,asset_current,True
account_common_471,"Organismes de la Seguretat Social, deutors",471,asset_current,False
account_common_472,"Hisenda pública, IVA suportat",472,asset_current,False
account_common_473,"Hisenda pública, retencions i pagaments a compte",473,asset_current,True
account_common_4740,Actius per diferències temporànies deduïbles,4740,asset_non_current,False
account_common_4742,Drets per deduccions i bonificacions pendents d’aplicar,4742,asset_non_current,False
account_common_4745,Crèdit per pèrdues a compensar de l’exercici,4745,asset_non_current,False
account_common_4750,"Hisenda pública, creditora per IVA",4750,liability_current,True
account_common_4751,"Hisenda pública, creditora per retencions practicades",4751,liability_current,True
account_common_4752,"Hisenda pública, creditora per impost sobre societats",4752,liability_current,True
account_common_4758,"Hisenda pública, creditora per subvencions a reintegrar",4758,liability_current,True
account_common_4759,"Hisenda pública, creditora per altres conceptes",4759,liability_current,False
account_common_476,"Organismes de la Seguretat Social, creditors",476,liability_current,False
account_common_477,"Hisenda pública, IVA repercutit",477,liability_current,False
account_common_479,Passius per diferències temporànies imposables,479,liability_non_current,False
account_common_480,Despeses anticipades,480,asset_current,False
account_common_485,Ingressos anticipats,485,liability_current,False
account_common_4933,Deteriorament de valor de crèdits per operacions comercials amb empreses del grup,4933,liability_current,True
account_common_4934,Deteriorament de valor de crèdits per operacions comercials amb empreses associades,4934,liability_current,True
account_common_4935,Deteriorament de valor de crèdits per operacions comercials amb altres parts vinculades,4935,liability_current,True
account_common_4994,Provisió per contractes onerosos,4994,liability_current,True
account_common_4999,Provisió per a altres operacions comercials,4999,liability_current,True
account_common_500,Obligacions i bons a curt termini,500,liability_current,False
account_common_505,Deutes representats en altres valors negociables a curt termini,505,liability_current,False
account_common_506,Interessos a curt termini d’emprèstits i altres emissions anàlogues,506,liability_current,False
account_common_507,Dividends d’accions o participacions considerades passius financers,507,liability_current,False
account_common_5090,Obligacions i bons amortitzats,5090,liability_current,True
account_common_5095,Altres valors negociables amortitzats,5095,liability_current,True
account_common_5103,"Deutes a curt termini amb entitats de crèdit, empreses del grup",5103,liability_current,False
account_common_5104,"Deutes a curt termini amb entitats de crèdit, empreses associades",5104,liability_current,False
account_common_5105,Deutes a curt termini amb altres entitats de crèdit vinculades,5105,liability_current,False
account_common_5113,"Proveïdors d’immobilitzat a curt termini, empreses del grup",5113,liability_current,False
account_common_5114,"Proveïdors d’immobilitzat a curt termini, empreses associades",5114,liability_current,False
account_common_5115,"Proveïdors d’immobilitzat a curt termini, altres parts vinculades",5115,liability_current,False
account_common_5123,"Creditors per arrendament financer a curt termini, empreses del grup",5123,liability_current,False
account_common_5124,"Creditors per arrendament financer a curt termini, empreses associades",5124,liability_current,False
account_common_5125,"Creditors per arrendament financer a curt termini, altres parts vinculades",5125,liability_current,False
account_common_5133,Altres deutes a curt termini amb empreses del grup,5133,liability_current,False
account_common_5134,Altres deutes a curt termini amb empreses associades,5134,liability_current,False
account_common_5135,Altres deutes a curt termini amb altres parts vinculades,5135,liability_current,False
account_common_5143,"Interessos a curt termini de deutes, empreses del grup",5143,liability_current,False
account_common_5144,"Interessos a curt termini de deutes, empreses associades",5144,liability_current,False
account_common_5145,"Interessos a curt termini de deutes, altres parts vinculades",5145,liability_current,False
account_common_5200,Préstecs a curt termini d’entitats de crèdit,5200,liability_current,True
account_common_5201,Deutes a curt termini per crèdit disposat,5201,liability_current,True
account_common_5208,Deutes per efectes descomptats,5208,liability_current,True
account_common_5209,Deutes per operacions de facturatge,5209,liability_current,True
account_common_522,"Deutes a curt termini transformables en subvencions, donacions i llegats",522,liability_current,False
account_common_523,Proveïdors d’immobilitzat a curt termini,523,liability_payable,True
account_common_524,Creditors per arrendament financer a curt termini,524,liability_current,False
account_common_525,Efectes a pagar a curt termini,525,liability_current,False
account_common_527,Interessos a curt termini de deutes amb entitats de crèdit,527,liability_current,False
account_common_528,Interessos a curt termini de deutes,528,liability_current,False
account_common_5290,Provisió a curt termini per retribucions al personal,5290,liability_current,True
account_common_5291,Provisió a curt termini per a impostos,5291,liability_current,True
account_common_5292,Provisió a curt termini per a altres responsabilitats,5292,liability_current,True
account_common_5293,"Provisió a curt termini per desmantellament, retirament o rehabilitació de l’immobilitzat",5293,liability_current,True
account_common_5295,Provisió a curt termini per a actuacions mediambientals,5295,liability_current,True
account_common_5303,"Participacions a curt termini, en empreses del grup",5303,asset_current,False
account_common_5304,"Participacions a curt termini, en empreses associades",5304,asset_current,False
account_common_5305,"Participacions a curt termini, en altres parts vinculades",5305,asset_current,False
account_common_5313,Valors representatius de deute a curt termini d’empreses del grup,5313,asset_current,False
account_common_5314,Valors representatius de deute a curt termini d’empreses associades,5314,asset_current,False
account_common_5315,Valors representatius de deute a curt termini d’altres parts vinculades,5315,asset_current,False
account_common_5323,Crèdits a curt termini a empreses del grup,5323,asset_current,False
account_common_5324,Crèdits a curt termini a empreses associades,5324,asset_current,False
account_common_5325,Crèdits a curt termini a altres parts vinculades,5325,asset_current,False
account_common_5333,Interessos a curt termini de valors representatius de deute d’empreses del grup,5333,asset_current,False
account_common_5334,Interessos a curt termini de valors representatius de deute d’empreses associades,5334,asset_current,False
account_common_5335,Interessos a curt termini de valors representatius de deute d’altres parts vinculades,5335,asset_current,False
account_common_5343,Interessos a curt termini de crèdits a empreses del grup,5343,asset_current,False
account_common_5344,Interessos a curt termini de crèdits a empreses associades,5344,asset_current,False
account_common_5345,Interessos a curt termini de crèdits a altres parts vinculades,5345,asset_current,False
account_common_5353,Dividend a cobrar d’empreses del grup,5353,asset_current,False
account_common_5354,Dividend a cobrar d’empreses associades,5354,asset_current,False
account_common_5355,Dividend a cobrar d’altres parts vinculades,5355,asset_current,False
account_common_5393,Desemborsaments pendents sobre participacions a curt termini en empreses del grup,5393,asset_current,False
account_common_5394,Desemborsaments pendents sobre participacions a curt termini en empreses associades,5394,asset_current,False
account_common_5395,Desemborsaments pendents sobre participacions a curt termini en altres parts vinculades,5395,asset_current,False
account_common_540,Inversions financeres a curt termini en instruments de patrimoni,540,asset_current,False
account_common_541,Valors representatius de deute a curt termini,541,asset_current,False
account_common_542,Crèdits a curt termini,542,asset_current,False
account_common_543,Crèdits a curt termini per alienació d’immobilitzat,543,asset_current,False
account_common_544,Crèdits a curt termini al personal,544,asset_current,False
account_common_545,Dividend a cobrar,545,asset_current,False
account_common_546,Interessos a curt termini de valors representatius de deutes,546,asset_current,False
account_common_547,Interessos a curt termini de crèdits,547,asset_current,False
account_common_548,Imposicions a curt termini,548,asset_current,False
account_common_549,Desemborsaments pendents sobre participacions en el patrimoni net a curt termini,549,asset_current,False
account_common_550,Titular de l’explotació,550,asset_current,False
account_common_5523,Compte corrent amb empreses del grup,5523,asset_current,False
account_common_5524,Compte corrent amb empreses associades,5524,asset_current,False
account_common_5525,Compte corrent amb altres parts vinculades,5525,asset_current,False
account_common_554,Compte corrent amb unions temporals d’empreses i comunitats de béns,554,asset_current,False
account_common_555,Partides pendents d’aplicació,555,liability_current,False
account_common_5563,"Desemborsaments exigits sobre participacions, empreses del grup",5563,liability_current,False
account_common_5564,"Desemborsaments exigits sobre participacions, empreses associades",5564,liability_current,False
account_common_5565,"Desemborsaments exigits sobre participacions, altres parts vinculades",5565,liability_current,False
account_common_5566,Desemborsaments exigits sobre participacions d’altres empreses,5566,liability_current,False
account_common_557,Dividend actiu a compte,557,asset_current,False
account_common_5580,Socis per desemborsaments exigits sobre accions o participacions ordinàries,5580,asset_current,False
account_common_5590,"Actius per derivats financers a curt termini, cartera de negociació",5590,asset_current,False
account_common_5595,"Passius per derivats financers a curt termini, cartera de negociació",5595,liability_current,False
account_common_560,Fiances rebudes a curt termini,560,liability_current,False
account_common_561,Dipòsits rebuts a curt termini,561,liability_current,False
account_common_565,Fiances constituïdes a curt termini,565,asset_current,False
account_common_566,Dipòsits constituïts a curt termini,566,asset_current,False
account_common_567,Interessos pagats per endavant,567,asset_current,False
account_common_568,Interessos cobrats per endavant,568,liability_current,False
account_common_570,"Caixa, euros",570,asset_cash,False
account_common_571,"Caixa, moneda estrangera",571,asset_cash,False
pgc_572_child,"Bancs i institucions de crèdit c/c a la vista, euros",572,asset_cash,False
account_common_572998,Compte transitori,572998,asset_current,False
account_common_573,"Bancs i institucions de crèdit c/c a la vista, moneda estrangera",573,asset_cash,False
account_common_574,"Bancs i institucions de crèdit, comptes d’estalvi, euros",574,asset_cash,False
account_common_575,"Bancs i institucions de crèdit, comptes d’estalvi, moneda estrangera",575,asset_cash,False
account_common_576,Inversions a curt termini de gran liquiditat,576,asset_current,False
account_common_5933,Deteriorament de valor de participacions a curt termini en empreses del grup,5933,asset_current,False
account_common_5934,Deteriorament de valor de participacions a curt termini en empreses associades,5934,asset_current,False
account_common_5943,Deteriorament de valor de valors representatius de deute a curt termini d’empreses del grup,5943,asset_current,False
account_common_5944,Deteriorament de valor de valors representatius de deute a curt termini d’empreses associades,5944,asset_current,False
account_common_5945,Deteriorament de valor de valors representatius de deute a curt termini d’altres parts vinculades,5945,asset_current,False
account_common_5953,Deteriorament de valor de crèdits a curt termini a empreses del grup,5953,asset_current,False
account_common_5954,Deteriorament de valor de crèdits a curt termini a empreses associades,5954,asset_current,False
account_common_5955,Deteriorament de valor de crèdits a curt termini a altres parts vinculades,5955,asset_current,False
account_common_597,Deteriorament de valor de valors representatius de deute a curt termini,597,asset_current,False
account_common_598,Deteriorament de valor de crèdits a curt termini,598,asset_current,False
account_common_600,Compres de mercaderies,600,expense,False
account_common_601,Compres de primeres matèries,601,expense,False
account_common_602,Compres d’altres aprovisionaments,602,expense,False
account_common_6060,Descomptes sobre compres per pagament immediat de mercaderies,6060,expense,False
account_common_6061,Descomptes sobre compres per pagament immediat de primeres matèries,6061,expense,False
account_common_6062,Descomptes sobre compres per pagament immediat d’altres aprovisionaments,6062,expense,False
account_common_607,Treballs realitzats per altres empreses,607,expense,False
account_common_6080,Devolucions de compres de mercaderies,6080,expense,False
account_common_6081,Devolucions de compres de primeres matèries,6081,expense,False
account_common_6082,Devolucions de compres d’altres aprovisionaments,6082,expense,False
account_common_6090,Ràpels per compres de mercaderies,6090,expense,False
account_common_6091,Ràpels per compres de primeres matèries,6091,expense,False
account_common_6092,Ràpels per compres d’altres aprovisionaments,6092,expense,False
account_common_610,Variació d’existències de mercaderies,610,expense,False
account_common_611,Variació d’existències de primeres matèries,611,expense,False
account_common_612,Variació d’existències d’altres aprovisionaments,612,expense,False
account_common_620,Despeses en recerca i desenvolupament de l’exercici,620,expense,False
account_common_621,Arrendaments i cànons,621,expense,False
account_common_622,Reparacions i conservació,622,expense,False
account_common_623,Serveis de professionals independents,623,expense,False
account_common_624,Transports,624,expense,False
account_common_625,Primes d’assegurances,625,expense,False
account_common_626,Serveis bancaris i similars,626,expense,False
account_common_627,"Publicitat, propaganda i relacions públiques",627,expense,False
account_common_628,Subministraments,628,expense,False
account_common_629,Altres serveis,629,expense,False
account_common_6300,Impost corrent,6300,expense,False
account_common_6301,Impost diferit,6301,expense,False
account_common_631,Altres tributs,631,expense,False
account_common_633,Ajustos negatius en la imposició sobre beneficis,633,expense,False
account_common_6341,Ajustos negatius en IVA d’actiu corrent,6341,expense,False
account_common_6342,Ajustos negatius en IVA d’inversions,6342,expense,False
account_common_636,Devolució d’impostos,636,expense,False
account_common_638,Ajustos positius en la imposició sobre beneficis,638,expense,False
account_common_6391,Ajustos positius en IVA d’actiu corrent,6391,expense,False
account_common_6392,Ajustos positius en IVA d’inversions,6392,expense,False
account_common_640,Sous i salaris,640,expense,False
account_common_641,Indemnitzacions,641,expense,False
account_common_642,Seguretat Social a càrrec de l’empresa,642,expense,False
account_common_649,Altres despeses socials,649,expense,False
account_common_660,Despeses financeres per actualització de provisions,660,expense,False
account_common_6610,"Interessos d’obligacions i bons a llarg termini, empreses del grup",6610,expense,False
account_common_6611,"Interessos d’obligacions i bons a llarg termini, empreses associades",6611,expense,False
account_common_6612,"Interessos d’obligacions i bons a llarg termini, altres parts vinculades",6612,expense,False
account_common_6613,"Interessos d’obligacions i bons a llarg termini, altres empreses",6613,expense,False
account_common_6615,"Interessos d’obligacions i bons a curt termini, empreses del grup",6615,expense,False
account_common_6616,"Interessos d’obligacions i bons a curt termini, empreses associades",6616,expense,False
account_common_6617,"Interessos d’obligacions i bons a curt termini, altres parts vinculades",6617,expense,False
account_common_6618,"Interessos d’obligacions i bons a curt termini, altres empreses",6618,expense,False
account_common_6620,"Interessos de deutes, empreses del grup",6620,expense,False
account_common_6621,"Interessos de deutes, empreses associades",6621,expense,False
account_common_6622,"Interessos de deutes, altres parts vinculades",6622,expense,False
account_common_6623,Interessos de deutes amb entitats de crèdit,6623,expense,False
account_common_6624,"Interessos de deutes, altres empreses",6624,expense,False
account_common_6640,"Dividends de passius, empreses del grup",6640,expense,False
account_common_6641,"Dividends de passius, empreses associades",6641,expense,False
account_common_6642,"Dividends de passius, altres parts vinculades",6642,expense,False
account_common_6643,"Dividends de passius, altres empreses",6643,expense,False
account_common_6650,Interessos per descompte d’efectes en entitats de crèdit del grup,6650,expense,False
account_common_6651,Interessos per descompte d’efectes en entitats de crèdit associades,6651,expense,False
account_common_6652,Interessos per descompte d’efectes en altres entitats de crèdit vinculades,6652,expense,False
account_common_6653,Interessos per descompte d’efectes en altres entitats de crèdit,6653,expense,False
account_common_6654,Interessos per operacions de facturatge amb entitats de crèdit del grup,6654,expense,False
account_common_6655,Interessos per operacions de facturatge amb entitats de crèdit associades,6655,expense,False
account_common_6656,Interessos per operacions de facturatge amb altres entitats de crèdit vinculades,6656,expense,False
account_common_6657,Interessos per operacions de facturatge amb altres entitats de crèdit,6657,expense,False
account_common_6660,"Pèrdues en valors representatius de deute a llarg termini, empreses del grup",6660,expense,False
account_common_6661,"Pèrdues en valors representatius de deute a llarg termini, empreses associades",6661,expense,False
account_common_6662,"Pèrdues en valors representatius de deute a llarg termini, altres parts vinculades",6662,expense,False
account_common_6663,"Pèrdues en participacions i valors representatius de deute a llarg termini, altres empreses",6663,expense,False
account_common_6665,"Pèrdues en participacions i valors representatius de deute a curt termini, empreses del grup",6665,expense,False
account_common_6666,"Pèrdues en participacions i valors representatius de deute a curt termini, empreses associades",6666,expense,False
account_common_6667,"Pèrdues en valors representatius de deute a curt termini, altres parts vinculades",6667,expense,False
account_common_6668,"Pèrdues en valors representatius de deute a curt termini, altres empreses",6668,expense,False
account_common_6670,"Pèrdues de crèdits a llarg termini, empreses del grup",6670,expense,False
account_common_6671,"Pèrdues de crèdits a llarg termini, empreses associades",6671,expense,False
account_common_6672,"Pèrdues de crèdits a llarg termini, altres parts vinculades",6672,expense,False
account_common_6673,"Pèrdues de crèdits a llarg termini, altres empreses",6673,expense,False
account_common_6675,"Pèrdues de crèdits a curt termini, empreses del grup",6675,expense,False
account_common_6676,"Pèrdues de crèdits a curt termini, empreses associades",6676,expense,False
account_common_6677,"Pèrdues de crèdits a curt termini, altres parts vinculades",6677,expense,False
account_common_6678,"Pèrdues de crèdits a curt termini, altres empreses",6678,expense,False
account_common_668,Diferències negatives de canvi,668,expense,False
account_common_669,Altres despeses financeres,669,expense,False
account_common_670,Pèrdues procedents de l’immobilitzat intangible,670,expense,False
account_common_672,Pèrdues procedents de les inversions immobiliàries,672,expense,False
account_common_6733,"Pèrdues procedents de participacions a llarg termini, empreses del grup",6733,expense,False
account_common_6734,"Pèrdues procedents de participacions a llarg termini, empreses associades",6734,expense,False
account_common_6735,"Pèrdues procedents de participacions a llarg termini, altres parts vinculades",6735,expense,False
account_common_675,Pèrdues per operacions amb obligacions pròpies,675,expense,False
account_common_678,Despeses excepcionals,678,expense,False
account_common_680,Amortització de l’immobilitzat intangible,680,expense,False
account_common_681,Amortització de l’immobilitzat material,681,expense,False
account_common_682,Amortització de les inversions immobiliàries,682,expense,False
account_common_690,Pèrdues per deteriorament de l’immobilitzat intangible,690,expense,False
account_common_692,Pèrdues per deteriorament de les inversions immobiliàries,692,expense,False
account_common_6930,Pèrdues per deteriorament de productes acabats i en curs de fabricació,6930,expense,False
account_common_6931,Pèrdues per deteriorament de mercaderies,6931,expense,False
account_common_6932,Pèrdues per deteriorament de primeres matèries,6932,expense,False
account_common_6933,Pèrdues per deteriorament d’altres aprovisionaments,6933,expense,False
account_common_6954,Dotació a la provisió per contractes onerosos,6954,expense,False
account_common_6959,Dotació a la provisió per a altres operacions comercials,6959,expense,False
account_common_6960,"Pèrdues per deteriorament de participacions en instruments de patrimoni net a llarg termini, empreses del grup",6960,expense,False
account_common_6961,"Pèrdues per deteriorament de participacions en instruments de patrimoni net a llarg termini, empreses associades",6961,expense,False
account_common_6962,"Pèrdues per deteriorament de participacions en instruments de patrimoni net a llarg termini, altres parts vinculades",6962,expense,False
account_common_6963,"Pèrdues per deteriorament de participacions en instruments de patrimoni net a llarg termini, altres empreses",6963,expense,False
account_common_6965,"Pèrdues per deteriorament en valors representatius de deute a llarg termini, empreses del grup",6965,expense,False
account_common_6966,"Pèrdues per deteriorament en valors representatius de deute a llarg termini, empreses associades",6966,expense,False
account_common_6967,"Pèrdues per deteriorament en valors representatius de deute a llarg termini, altres parts vinculades",6967,expense,False
account_common_6968,"Pèrdues per deteriorament en valors representatius de deute a llarg termini, d’altres empreses",6968,expense,False
account_common_6970,"Pèrdues per deteriorament de crèdits a llarg termini, empreses del grup",6970,expense,False
account_common_6971,"Pèrdues per deteriorament de crèdits a llarg termini, empreses associades",6971,expense,False
account_common_6972,"Pèrdues per deteriorament de crèdits a llarg termini, altres parts vinculades",6972,expense,False
account_common_6973,"Pèrdues per deteriorament de crèdits a llarg termini, altres empreses",6973,expense,False
account_common_6980,"Pèrdues per deteriorament de participacions en instruments de patrimoni net a curt termini, empreses del grup",6980,expense,False
account_common_6981,"Pèrdues per deteriorament de participacions en instruments de patrimoni net a curt termini, empreses associades",6981,expense,False
account_common_6985,"Pèrdues per deteriorament en valors representatius de deute a curt termini, empreses del grup",6985,expense,False
account_common_6986,"Pèrdues per deteriorament en valors representatius de deute a curt termini, empreses associades",6986,expense,False
account_common_6987,"Pèrdues per deteriorament en valors representatius de deute a curt termini, altres parts vinculades",6987,expense,False
account_common_6988,"Pèrdues per deteriorament en valors representatius de deute a curt termini, d’altres empreses",6988,expense,False
account_common_6990,"Pèrdues per deteriorament de crèdits a curt termini, empreses del grup",6990,expense,False
account_common_6991,"Pèrdues per deteriorament de crèdits a curt termini, empreses associades",6991,expense,False
account_common_6992,"Pèrdues per deteriorament de crèdits a curt termini, altres parts vinculades",6992,expense,False
account_common_6993,"Pèrdues per deteriorament de crèdits a curt termini, altres empreses",6993,expense,False
account_common_7000,Vendes de mercaderies a Espanya,7000,income,False
account_common_7001,Vendes de mercaderies intracomunitàries,7001,income,False
account_common_7002,Vendes de mercaderies en exportació,7002,income,False
account_common_7010,Vendes de productes acabats a Espanya,7010,income,False
account_common_7011,Vendes de productes acabats intracomunitàries,7011,income,False
account_common_7012,Vendes de productes acabats en exportació,7012,income,False
account_common_7020,Vendes de productes semiacabats a Espanya,7020,income,False
account_common_7021,Vendes de productes semiacabats intracomunitàries,7021,income,False
account_common_7022,Vendes de productes semiacabats en exportació,7022,income,False
account_common_7030,Vendes de subproductes i residus a Espanya,7030,income,False
account_common_7031,Vendes de subproductes i residus intracomunitàries,7031,income,False
account_common_7032,Vendes de subproductes i residus en exportació,7032,income,False
account_common_7040,Vendes d’envasos i embalatges a Espanya,7040,income,False
account_common_7041,Vendes d’envasos i embalatges intracomunitàries,7041,income,False
account_common_7042,Vendes d’envasos i embalatges en exportació,7042,income,False
account_common_7050,Prestació de serveis a Espanya,7050,income,False
account_common_7051,Prestació de serveis intracomunitaris,7051,income,False
account_common_7052,Prestació de serveis fora de la UE,7052,income,False
account_common_7060,Descomptes sobre vendes per pagament immediat de mercaderies,7060,income,False
account_common_7061,Descomptes sobre vendes per pagament immediat de productes acabats,7061,income,False
account_common_7062,Descomptes sobre vendes per pagament immediat de productes semiacabats,7062,income,False
account_common_7063,Descomptes sobre vendes per pagament immediat de subproductes i residus,7063,income,False
account_common_7080,Devolucions de vendes de mercaderies,7080,income,False
account_common_7081,Devolucions de vendes de productes acabats,7081,income,False
account_common_7082,Devolucions de vendes de productes semiacabats,7082,income,False
account_common_7083,Devolucions de vendes de subproductes i residus,7083,income,False
account_common_7084,Devolucions de vendes d’envasos i embalatges,7084,income,False
account_common_7090,Ràpels sobre vendes de mercaderies,7090,income,False
account_common_7091,Ràpels sobre vendes de productes acabats,7091,income,False
account_common_7092,Ràpels sobre vendes de productes semiacabats,7092,income,False
account_common_7093,Ràpels sobre vendes de subproductes i residus,7093,income,False
account_common_7094,Ràpels sobre vendes d’envasos i embalatges,7094,income,False
account_common_710,Variació d’existències de productes en curs,710,income,False
account_common_711,Variació d’existències de productes semiacabats,711,income,False
account_common_712,Variació d’existències de productes acabats,712,income,False
account_common_713,"Variació d’existències de subproductes, residus i materials recuperats",713,income,False
account_common_730,Treballs realitzats per a l’immobilitzat intangible,730,income,False
account_common_731,Treballs realitzats per a l’immobilitzat material,731,income,False
account_common_732,Treballs realitzats en inversions immobiliàries,732,income,False
account_common_733,Treballs realitzats per a l’immobilitzat material en curs,733,income,False
account_common_740,"Subvencions, donacions i llegats a l’explotació",740,income,False
account_common_746,"Subvencions, donacions i llegats de capital transferits al resultat de l’exercici",746,income,False
account_common_7461,"Subvencions, donacions i llegats de capital transferits al resultat de l’exercici de caràcter financer",7461,income,False
account_common_747,"Altres subvencions, donacions i llegats transferits al resultat de l’exercici",747,income,False
account_common_7510,Pèrdua transferida (gestor),7510,income,False
account_common_7511,Benefici atribuït (partícip o associat no gestor),7511,income,False
account_common_752,Ingressos per arrendaments,752,income,False
account_common_753,Ingressos de propietat industrial cedida en explotació,753,income,False
account_common_754,Ingressos per comissions,754,income,False
account_common_755,Ingressos per serveis al personal,755,income,False
account_common_759,Ingressos per serveis diversos,759,income,False
account_common_7600,"Ingressos de participacions en instruments de patrimoni, empreses del grup",7600,income,False
account_common_7601,"Ingressos de participacions en instruments de patrimoni, empreses associades",7601,income,False
account_common_7602,"Ingressos de participacions en instruments de patrimoni, altres parts vinculades",7602,income,False
account_common_7603,"Ingressos de participacions en instruments de patrimoni, altres empreses",7603,income,False
account_common_7610,"Ingressos de valors representatius de deute, empreses del grup",7610,income,False
account_common_7611,"Ingressos de valors representatius de deute, empreses associades",7611,income,False
account_common_7612,"Ingressos de valors representatius de deute, altres parts vinculades",7612,income,False
account_common_7613,"Ingressos de valors representatius de deute, altres empreses",7613,income,False
account_common_76200,"Ingressos de crèdits a llarg termini, empreses del grup",76200,income,False
account_common_76201,"Ingressos de crèdits a llarg termini, empreses associades",76201,income,False
account_common_76202,"Ingressos de crèdits a llarg termini, altres parts vinculades",76202,income,False
account_common_76203,"Ingressos de crèdits a llarg termini, altres empreses",76203,income,False
account_common_76210,"Ingressos de crèdits a curt termini, empreses del grup",76210,income,False
account_common_76211,"Ingressos de crèdits a curt termini, empreses associades",76211,income,False
account_common_76212,"Ingressos de crèdits a curt termini, altres parts vinculades",76212,income,False
account_common_76213,"Ingressos de crèdits a curt termini, altres empreses",76213,income,False
account_common_7660,"Beneficis en valors representatius de deute a llarg termini, empreses del grup",7660,income,False
account_common_7661,"Beneficis en valors representatius de deute a llarg termini, empreses associades",7661,income,False
account_common_7662,"Beneficis en valors representatius de deute a llarg termini, altres parts vinculades",7662,income,False
account_common_7663,"Beneficis en participacions i valors representatius de deute a llarg termini, altres empreses",7663,income,False
account_common_7665,"Beneficis en participacions i valors representatius de deute a curt termini, empreses del grup",7665,income,False
account_common_7666,"Beneficis en participacions i valors representatius de deute a curt termini, empreses associades",7666,income,False
account_common_7667,"Beneficis en valors representatius de deute a curt termini, altres parts vinculades",7667,income,False
account_common_7668,"Beneficis en valors representatius de deute a curt termini, altres empreses",7668,income,False
account_common_768,Diferències positives de canvi,768,income_other,False
account_common_769,Altres ingressos financers,769,income,False
account_common_770,Beneficis procedents de l’immobilitzat intangible,770,income,False
account_common_771,Beneficis procedents de l’immobilitzat material,771,income,False
account_common_772,Beneficis procedents de les inversions immobiliàries,772,income,False
account_common_7733,"Beneficis procedents de participacions a llarg termini, empreses del grup",7733,income,False
account_common_7734,"Beneficis procedents de participacions a llarg termini, empreses associades",7734,income,False
account_common_7735,"Beneficis procedents de participacions a llarg termini, altres parts vinculades",7735,income,False
account_common_775,Beneficis per operacions amb obligacions pròpies,775,income,False
account_common_778,Ingressos excepcionals,778,income,False
account_common_790,Reversió del deteriorament de l’immobilitzat intangible,790,income,False
account_common_792,Reversió del deteriorament de les inversions immobiliàries,792,income,False
account_common_7930,Reversió del deteriorament de productes acabats i en curs de fabricació,7930,income,False
account_common_7931,Reversió del deteriorament de mercaderies,7931,income,False
account_common_7932,Reversió del deteriorament de primeres matèries,7932,income,False
account_common_7933,Reversió del deteriorament d’altres aprovisionaments,7933,income,False
account_common_7951,Excés de provisió per a impostos,7951,income,False
account_common_7952,Excés de provisió per a altres responsabilitats,7952,income,False
account_common_79544,Excés de provisió per contractes onerosos,79544,income,False
account_common_79549,Excés de provisió per a altres operacions comercials,79549,income,False
account_common_7955,Excés de provisió per a actuacions mediambientals,7955,income,False
account_common_7960,"Reversió del deteriorament de participacions en instruments de patrimoni net a llarg termini, empreses del grup",7960,income,False
account_common_7961,"Reversió del deteriorament de participacions en instruments de patrimoni net a llarg termini, empreses associades",7961,income,False
account_common_7965,"Reversió del deteriorament de valors representatius de deute a llarg termini, empreses del grup",7965,income,False
account_common_7966,"Reversió del deteriorament de valors representatius de deute a llarg termini, empreses associades",7966,income,False
account_common_7967,"Reversió del deteriorament de valors representatius de deute a llarg termini, altres parts vinculades",7967,income,False
account_common_7968,"Reversió del deteriorament de valors representatius de deute a llarg termini, altres empreses",7968,income,False
account_common_7970,"Reversió del deteriorament de crèdits a llarg termini, empreses del grup",7970,income,False
account_common_7971,"Reversió del deteriorament de crèdits a llarg termini, empreses associades",7971,income,False
account_common_7972,"Reversió del deteriorament de crèdits a llarg termini, altres parts vinculades",7972,income,False
account_common_7973,"Reversió del deteriorament de crèdits a llarg termini, altres empreses",7973,income,False
account_common_7980,"Reversió del deteriorament de participacions en instruments de patrimoni net a curt termini, empreses del grup",7980,income,False
account_common_7981,"Reversió del deteriorament de participacions en instruments de patrimoni net a curt termini, empreses associades",7981,income,False
account_common_7985,"Reversió del deteriorament en valors representatius de deute a curt termini, empreses del grup",7985,income,False
account_common_7986,"Reversió del deteriorament en valors representatius de deute a curt termini, empreses associades",7986,income,False
account_common_7987,"Reversió del deteriorament en valors representatius de deute a curt termini, altres parts vinculades",7987,income,False
account_common_7988,"Reversió del deteriorament en valors representatius de deute a curt termini, altres empreses",7988,income,False
account_common_7990,"Reversió del deteriorament de crèdits a curt termini, empreses del grup",7990,income,False
account_common_7991,"Reversió del deteriorament de crèdits a curt termini, empreses associades",7991,income,False
account_common_7992,"Reversió del deteriorament de crèdits a curt termini, altres parts vinculades",7992,income,False
account_common_7993,"Reversió del deteriorament de crèdits a curt termini, altres empreses",7993,income,False
