"id","name","code","account_type","reconcile"
"account_account_100","Capital social","100","equity","False"
"account_account_101","Fons social","101","equity","False"
"account_account_102","Capital","102","equity","False"
"account_account_1030","Socis per desemborsaments no exigits, capital social","1030","equity","False"
"account_account_1034","Socis per desemborsaments no exigits, capital pendent d’inscripció","1034","equity","False"
"account_account_1040","Socis per aportacions no dineràries pendents, capital social","1040","equity","False"
"account_account_1044","Socis per aportacions no dineràries pendents, capital pendent d’inscripció","1044","equity","False"
"account_account_108","Accions o participacions pròpies en situacions especials","108","equity","False"
"account_account_109","Accions o participacions pròpies per a reducció de capital","109","equity","False"
"account_account_110","Prima d’emissió o assumpció","110","equity","False"
"account_account_1110","Patrimoni net per emissió d’instruments financers compostos","1110","equity","False"
"account_account_1111","Resta d’instruments de patrimoni net","111100","equity","False"
"account_account_112","Reserva legal","112","equity","False"
"account_account_113","Reserves voluntàries","113","equity","False"
"account_account_1140","Reserves per a accions o participacions de la societat dominant","1140","equity","False"
"account_account_1141","Reserves estatutàries","1141","equity","False"
"account_account_1142","Reserva per capital amortitzat","1142","equity","False"
"account_account_1143","Reserva per fons de comerç","1143","equity","False"
"account_account_1144","Reserves per accions pròpies acceptades en garantia","1144","equity","False"
"account_account_115","Reserves per pèrdues i guanys actuarials i altres ajustos","115","equity","False"
"account_account_118","Aportacions de socis o propietaris","118","equity","False"
"account_account_119","Diferències per ajust del capital a euros","119","equity","False"
"account_account_120","Romanent","120","equity","False"
"account_account_121","Resultats negatius d’exercicis anteriors","121","equity","False"
"account_account_129","Resultat de l’exercici","129","equity_unaffected","False"
"account_account_130","Subvencions oficials de capital","130","equity","False"
"account_account_131","Donacions i llegats de capital","131","equity","False"
"account_account_132","Altres subvencions, donacions i llegats","132","equity","False"
"account_account_133","Ajustos per valoració en actius financers a valor raonable amb canvis en el patrimoni net","133","equity","False"
"account_account_1340","Cobertura de fluxos d’efectiu","1340","equity","False"
"account_account_1341","Cobertura d’una inversió neta en un negoci a l’estranger","1341","equity","False"
"account_account_135","Diferències de conversió","135","equity","False"
"account_account_136","Ajustos per valoració en actius no corrents i grups alienables d’elements, mantinguts per a la venda","136","equity","False"
"account_account_1370","Ingressos fiscals per diferències permanents a distribuir en diversos exercicis","1370","equity","False"
"account_account_1371","Ingressos fiscals per deduccions i bonificacions a distribuir en diversos exercicis","1371","equity","False"
"account_account_140","Provisió per retribucions a llarg termini al personal","140","liability_non_current","True"
"account_account_141","Provisió per a impostos","141","liability_non_current","True"
"account_account_142","Provisió per a altres responsabilitats","142","liability_non_current","True"
"account_account_143","Provisió per desmantellament, retirament o rehabilitació de l’immobilitzat","143","liability_non_current","True"
"account_account_145","Provisió per a actuacions mediambientals","145","liability_non_current","True"
"account_account_146","Provisió per a reestructuracions","146","liability_non_current","True"
"account_account_147","Provisió per transaccions amb pagaments basats en instruments de patrimoni","147","liability_non_current","True"
"account_account_150","Accions o participacions a llarg termini considerades passius financers","150","liability_non_current","False"
"account_account_1533","Desemborsaments no exigits, empreses del grup","1533","liability_non_current","False"
"account_account_1534","Desemborsaments no exigits, empreses associades","1534","liability_non_current","False"
"account_account_1535","Desemborsaments no exigits, altres parts vinculades","1535","liability_non_current","False"
"account_account_1536","Altres desemborsaments no exigits","1536","liability_non_current","False"
"account_account_1543","Aportacions no dineràries pendents, empreses del grup","1543","liability_non_current","False"
"account_account_1544","Aportacions no dineràries pendents, empreses associades","1544","liability_non_current","False"
"account_account_1545","Aportacions no dineràries pendents, altres parts vinculades","1545","liability_non_current","False"
"account_account_1546","Altres aportacions no dineràries pendents","1546","liability_non_current","False"
"account_account_1603","Deutes a llarg termini amb entitats de crèdit, empreses del grup","1603","liability_non_current","False"
"account_account_1604","Deutes a llarg termini amb entitats de crèdit, empreses associades","1604","liability_non_current","False"
"account_account_1605","Deutes a llarg termini amb altres entitats de crèdit vinculades","1605","liability_non_current","False"
"account_account_1613","Proveïdors d’immobilitzat a llarg termini, empreses del grup","1613","liability_non_current","False"
"account_account_1614","Proveïdors d’immobilitzat a llarg termini, empreses associades","1614","liability_non_current","False"
"account_account_1615","Proveïdors d’immobilitzat a llarg termini, altres parts vinculades","1615","liability_non_current","False"
"account_account_1623","Creditors per arrendament financer a llarg termini, empreses de grup","1623","liability_non_current","False"
"account_account_1624","Creditors per arrendament financer a llarg termini, empreses associades","1624","liability_non_current","False"
"account_account_1625","Creditors per arrendament financer a llarg termini, altres parts vinculades.","1625","liability_non_current","False"
"account_account_1633","Altres deutes a llarg termini, empreses del grup","1633","liability_non_current","False"
"account_account_1634","Altres deutes a llarg termini, empreses associades","1634","liability_non_current","False"
"account_account_1635","Altres deutes a llarg termini, amb altres parts vinculades","1635","liability_non_current","False"
"account_account_170","Deutes a llarg termini amb entitats de crèdit","170","liability_non_current","False"
"account_account_171","Deutes a llarg termini","171","liability_non_current","False"
"account_account_172","Deutes a llarg termini transformables en subvencions, donacions i llegats","172","liability_non_current","False"
"account_account_173","Proveïdors d’immobilitzat a llarg termini","173","liability_non_current","False"
"account_account_174","Creditors per arrendament financer a llarg termini","174","liability_non_current","False"
"account_account_175","Efectes a pagar a llarg termini","175","liability_non_current","False"
"account_account_176","Passius per derivats financers a llarg termini","176","liability_non_current","False"
"account_account_1765","Passius per derivats financers a llarg termini, cartera de negociació","1765","liability_non_current","True"
"account_account_1768","Passius per derivats financers a llarg termini, instruments de cobertura","1768","liability_non_current","True"
"account_account_177","Obligacions i bons","177","liability_non_current","False"
"account_account_178","Obligacions i bons convertibles","178","liability_non_current","False"
"account_account_179","Deutes representats en altres valors negociables","179","liability_non_current","False"
"account_account_180","Fiances rebudes a llarg termini","180","liability_non_current","False"
"account_account_181","Avançaments rebuts per vendes o prestacions de serveis a llarg termini","181","liability_non_current","False"
"account_account_185","Dipòsits rebuts a llarg termini","185","liability_non_current","False"
"account_account_189","Garanties financeres a llarg termini","189","liability_non_current","False"
"account_account_190","Accions o participacions emeses","190","liability_non_current","False"
"account_account_192","Subscriptors d’accions","192","liability_non_current","False"
"account_account_194","Capital emès pendent d’inscripció","194","liability_non_current","False"
"account_account_195","Accions o participacions emeses considerades passius financers","195","liability_non_current","False"
"account_account_197","Subscriptors d’accions considerades passius financers","197","liability_non_current","False"
"account_account_199","Accions o participacions emeses considerades passius financers pendents d’inscripció","199","liability_non_current","False"
"account_account_200","Recerca","200","asset_fixed","False"
"account_account_201","Desenvolupament","201","asset_fixed","False"
"account_account_202","Concessions administratives","202","asset_fixed","False"
"account_account_203","Propietat industrial","203","asset_fixed","False"
"account_account_204","Fons de comerç","204","asset_fixed","False"
"account_account_205","Drets de traspàs","205","asset_fixed","False"
"account_account_206","Aplicacions informàtiques","206","asset_fixed","False"
"account_account_209","Avançaments per a immobilitzacions intangibles","209","asset_fixed","False"
"account_account_210","Terrenys i béns naturals","210","asset_fixed","False"
"account_account_211","Construccions","211","asset_fixed","False"
"account_account_212","Instal·lacions tècniques","212","asset_fixed","False"
"account_account_213","Maquinària","213","asset_fixed","False"
"account_account_214","Utillatge","214","asset_fixed","False"
"account_account_215","Altres instal·lacions","215","asset_fixed","False"
"account_account_216","Mobiliari","216","asset_fixed","False"
"account_account_217","Equips per a processos d’informació","217","asset_fixed","False"
"account_account_218","Elements de transport","218","asset_fixed","False"
"account_account_219","Altre immobilitzat material","219","asset_fixed","False"
"account_account_220","Inversions en terrenys i béns naturals","220","asset_fixed","False"
"account_account_221","Inversions en construccions","221","asset_fixed","False"
"account_account_230","Adaptació de terrenys i béns naturals","230","asset_fixed","False"
"account_account_231","Construccions en curs","231","asset_fixed","False"
"account_account_232","Instal·lacions tècniques en muntatge","232","asset_fixed","False"
"account_account_233","Maquinària en muntatge","233","asset_fixed","False"
"account_account_237","Equips per a processos d’informació en muntatge","237","asset_fixed","False"
"account_account_239","Avançaments per a immobilitzacions materials","239","asset_fixed","False"
"account_account_2403","Participacions a llarg termini en empreses del grup","2403","asset_fixed","False"
"account_account_2404","Participacions a llarg termini en empreses associades","2404","asset_fixed","False"
"account_account_2405","Participacions a llarg termini en altres parts vinculades","2405","asset_fixed","False"
"account_account_2413","Valors representatius de deute a llarg termini d’empreses del grup","2413","asset_fixed","False"
"account_account_2414","Valors representatius de deute a llarg termini d’empreses associades","2414","asset_fixed","False"
"account_account_2415","Valors representatius de deute a llarg termini d’altres parts vinculades","2415","asset_fixed","False"
"account_account_2423","Crèdits a llarg termini a empreses del grup","2423","asset_fixed","False"
"account_account_2424","Crèdits a llarg termini a empreses associades","2424","asset_fixed","False"
"account_account_2425","Crèdits a llarg termini a altres parts vinculades","2425","asset_fixed","False"
"account_account_2493","Desemborsaments pendents sobre participacions a llarg termini en empreses del grup","2493","asset_fixed","False"
"account_account_2494","Desemborsaments pendents sobre participacions a llarg termini en empreses associades","2494","asset_fixed","False"
"account_account_2495","Desemborsaments pendents sobre participacions a llarg termini en altres parts vinculades","2495","asset_fixed","False"
"account_account_250","Inversions financeres a llarg termini en instruments de patrimoni","250","asset_fixed","False"
"account_account_251","Valors representatius de deute a llarg termini","251","asset_fixed","False"
"account_account_252","Crèdits a llarg termini","252","asset_fixed","False"
"account_account_253","Crèdits a llarg termini per alienació d’immobilitzat","253","asset_fixed","False"
"account_account_254","Crèdits a llarg termini al personal","254","asset_fixed","False"
"account_account_2550","Actius per derivats financers a llarg termini, cartera de negociació","2550","asset_fixed","False"
"account_account_2553","Actius per derivats financers a llarg termini, instruments de cobertura","2553","asset_fixed","False"
"account_account_257","Drets de reemborsament derivats de contractes d’assegurança relatius a retribucions a llarg termini al personal","257","asset_fixed","False"
"account_account_258","Imposicions a llarg termini","258","asset_fixed","False"
"account_account_259","Desemborsaments pendents sobre participacions en el patrimoni net a llarg termini","259","asset_fixed","False"
"account_account_260","Fiances constituïdes a llarg termini","260","asset_fixed","False"
"account_account_265","Dipòsits constituïts a llarg termini","265","asset_fixed","False"
"account_account_2800","Amortització acumulada de recerca","2800","asset_fixed","False"
"account_account_2801","Amortització acumulada de desenvolupament","2801","asset_fixed","False"
"account_account_2802","Amortització acumulada de concessions administratives","2802","asset_fixed","False"
"account_account_2803","Amortització acumulada de propietat industrial","2803","asset_fixed","False"
"account_account_2805","Amortització acumulada de drets de traspàs","2805","asset_fixed","False"
"account_account_2806","Amortització acumulada d’aplicacions informàtiques","2806","asset_fixed","False"
"account_account_2811","Amortització acumulada de construccions","2811","asset_fixed","False"
"account_account_2812","Amortització acumulada d’instal·lacions tècniques","2812","asset_fixed","False"
"account_account_2813","Amortització acumulada de maquinària","2813","asset_fixed","False"
"account_account_2814","Amortització acumulada d’utillatge","2814","asset_fixed","False"
"account_account_2815","Amortització acumulada d’altres instal·lacions","2815","asset_fixed","False"
"account_account_2816","Amortització acumulada de mobiliari","2816","asset_fixed","False"
"account_account_2817","Amortització acumulada d’equips per a processos d’informació","2817","asset_fixed","False"
"account_account_2818","Amortització acumulada d’elements de transport","2818","asset_fixed","False"
"account_account_2819","Amortització acumulada d’un altre immobilitzat material","2819","asset_fixed","False"
"account_account_282","Amortització acumulada de les inversions immobiliàries","282","asset_fixed","False"
"account_account_2900","Deteriorament de valor de recerca","2900","asset_fixed","False"
"account_account_2901","Deteriorament del valor de desenvolupament","2901","asset_fixed","False"
"account_account_2902","Deteriorament de valor de concessions administratives","2902","asset_fixed","False"
"account_account_2903","Deteriorament de valor de propietat industrial","2903","asset_fixed","False"
"account_account_2905","Deteriorament de valor de drets de traspàs","2905","asset_fixed","False"
"account_account_2906","Deteriorament de valor d’aplicacions informàtiques","2906","asset_fixed","False"
"account_account_2910","Deteriorament de valor de terrenys i béns naturals","2910","asset_fixed","False"
"account_account_2911","Deteriorament de valor de construccions","2911","asset_fixed","False"
"account_account_2912","Deteriorament de valor d’instal·lacions tècniques","2912","asset_fixed","False"
"account_account_2913","Deteriorament de valor de maquinària","2913","asset_fixed","False"
"account_account_2914","Deteriorament de valor d’utillatge","2914","asset_fixed","False"
"account_account_2915","Deteriorament de valor d’altres instal·lacions","2915","asset_fixed","False"
"account_account_2916","Deteriorament de valor de mobiliari","2916","asset_fixed","False"
"account_account_2917","Deteriorament de valor d’equips per a processos d’informació","2917","asset_fixed","False"
"account_account_2918","Deteriorament de valor d’elements de transport","2918","asset_fixed","False"
"account_account_2919","Deteriorament de valor d’un altre immobilitzat material","2919","asset_fixed","False"
"account_account_2920","Deteriorament de valor dels terrenys i béns naturals","2920","asset_fixed","False"
"account_account_2921","Deteriorament de valor de construccions","2921","asset_fixed","False"
"account_account_2933","Deteriorament de valor de participacions a llarg termini en empreses del grup","2933","asset_fixed","False"
"account_account_2934","Deteriorament de valor de participacions a llarg termini en empreses associades","2934","asset_fixed","False"
"account_account_2943","Deteriorament de valor de valors representatius de deute a llarg termini d’empreses del grup","2943","asset_fixed","False"
"account_account_2944","Deteriorament de valor de valors representatius de deute a llarg termini d’empreses associades","2944","asset_fixed","False"
"account_account_2945","Deteriorament de valor de valors representatius de deute a llarg termini d’altres parts vinculades","2945","asset_fixed","False"
"account_account_2953","Deteriorament de valor de crèdits a llarg termini a empreses del grup","2953","asset_fixed","False"
"account_account_2954","Deteriorament de valor de crèdits a llarg termini a empreses associades","2954","asset_fixed","False"
"account_account_2955","Deteriorament de valor de crèdits a llarg termini a altres parts vinculades","2955","asset_fixed","False"
"account_account_297","Deteriorament de valor de valors representatius de deute a llarg termini","297","asset_fixed","False"
"account_account_298","Deteriorament de valor de crèdits a llarg termini","298","asset_fixed","False"
"account_account_300","Mercaderies A","300","asset_current","False"
"account_account_301","Mercaderies B","301","asset_current","False"
"account_account_310","Primeres matèries A","310","asset_current","False"
"account_account_311","Primeres matèries B","311","asset_current","False"
"account_account_320","Elements i conjunts incorporables","320","asset_current","False"
"account_account_321","Combustibles","321","asset_current","False"
"account_account_322","Recanvis","322","asset_current","False"
"account_account_325","Materials diversos","325","asset_current","False"
"account_account_326","Embalatges","326","asset_current","False"
"account_account_327","Envasos","327","asset_current","False"
"account_account_328","Material d’oficina","328","asset_current","False"
"account_account_330","Productes en curs A","330","asset_current","False"
"account_account_331","Productes en curs B","331","asset_current","False"
"account_account_340","Productes semiacabats A","340","asset_current","False"
"account_account_341","Productes semiacabats B","341","asset_current","False"
"account_account_350","Productes acabats A","350","asset_current","False"
"account_account_351","Productes acabats B","351","asset_current","False"
"account_account_360","Subproductes A","360","asset_current","False"
"account_account_361","Subproductes B","361","asset_current","False"
"account_account_365","Residus A","365","asset_current","False"
"account_account_366","Residus B","366","asset_current","False"
"account_account_368","Materials recuperats A","368","asset_current","False"
"account_account_369","Materials recuperats B","369","asset_current","False"
"account_account_390","Deteriorament de valor de les mercaderies","390","asset_current","False"
"account_account_391","Deteriorament de valor de les primeres matèries","391","asset_current","False"
"account_account_392","Deteriorament de valor d’altres aprovisionaments","392","asset_current","False"
"account_account_393","Deteriorament de valor dels productes en curs","393","asset_current","False"
"account_account_394","Deteriorament de valor dels productes semiacabats","394","asset_current","False"
"account_account_395","Deteriorament de valor dels productes acabats","395","asset_current","False"
"account_account_396","Deteriorament de valor dels subproductes, residus i materials recuperats","396","asset_current","False"
"account_account_4000","Proveïdors (euros)","4000","liability_payable","True"
"account_account_4004","Proveïdors (moneda estrangera)","4004","liability_payable","True"
"account_account_4009","Proveïdors, factures pendents de rebre o de formalitzar","4009","liability_current","True"
"account_account_401","Proveïdors, efectes comercials a pagar","401","liability_payable","True"
"account_account_4030","Proveïdors, empreses del grup (euros)","4030","liability_payable","True"
"account_account_4031","Efectes comercials a pagar, empreses del grup","4031","liability_payable","True"
"account_account_4034","Proveïdors, empreses del grup (moneda estrangera)","4034","liability_payable","True"
"account_account_4036","Envasos i embalatges a tornar a proveïdors, empreses del grup","4036","liability_payable","True"
"account_account_4039","Proveïdors, empreses del grup, factures pendents de rebre o de formalitzar","4039","liability_payable","True"
"account_account_404","Proveïdors, empreses associades","404","liability_payable","True"
"account_account_405","Proveïdors, altres parts vinculades","405","liability_payable","True"
"account_account_406","Envasos i embalatges a tornar a proveïdors","406","liability_payable","True"
"account_account_407","Avançaments a proveïdors","407","liability_payable","True"
"account_account_4100","Creditors per prestacions de serveis (euros)","4100","liability_payable","True"
"account_account_4104","Creditors per prestacions de serveis (moneda estrangera)","4104","liability_payable","True"
"account_account_4109","Creditors per prestacions de serveis, factures pendents de rebre o de formalitzar","4109","liability_payable","True"
"account_account_411","Creditors, efectes comercials a pagar","411","asset_current","True"
"account_account_419","Creditors per operacions en comú","419","liability_payable","True"
"account_account_4300","Clients (euros)","4300","asset_receivable","True"
"account_account_4301","Clients (euros) (PoS)","4301","asset_receivable","True"
"account_account_4304","Clients (moneda estrangera)","4304","asset_receivable","True"
"account_account_4309","Clients, factures pendents de formalitzar","4309","asset_receivable","True"
"account_account_4310","Efectes comercials en cartera","4310","asset_receivable","True"
"account_account_4311","Efectes comercials descomptats","4311","asset_receivable","True"
"account_account_4312","Efectes comercials en gestió de cobrament","4312","asset_current","True"
"account_account_4315","Efectes comercials impagats","4315","asset_receivable","True"
"account_account_432","Clients, operacions de facturatge","432","asset_receivable","True"
"account_account_4330","Clients empreses del grup (euros)","4330","asset_receivable","True"
"account_account_4331","Efectes comercials a cobrar, empreses del grup","4331","asset_receivable","True"
"account_account_4332","Clients empreses del grup, operacions de facturatge","4332","asset_receivable","True"
"account_account_4334","Clients empreses del grup (moneda estrangera)","4334","asset_receivable","True"
"account_account_4336","Clients empreses del grup de cobrament dubtós","4336","asset_receivable","True"
"account_account_4337","Envasos i embalatges a tornar a clients, empreses del grup","4337","asset_receivable","True"
"account_account_4339","Clients empreses del grup, factures pendents de formalitzar","4339","asset_receivable","True"
"account_account_434","Clients, empreses associades","434","asset_receivable","True"
"account_account_435","Clients, altres parts vinculades","435","asset_receivable","True"
"account_account_436","Clients de cobrament dubtós","436","asset_receivable","True"
"account_account_437","Envasos i embalatges a tornar per clients","437","asset_receivable","True"
"account_account_438","Avançaments de clients","438","liability_current","True"
"account_account_4400","Deutors (euros)","4400","asset_receivable","True"
"account_account_4404","Deutors (moneda estrangera)","4404","asset_receivable","True"
"account_account_4409","Deutors, factures pendents de formalitzar","4409","asset_receivable","True"
"account_account_4410","Deutors, efectes comercials en cartera","4410","asset_receivable","True"
"account_account_4411","Deutors, efectes comercials descomptats","4411","asset_receivable","True"
"account_account_4412","Deutors, efectes comercials en gestió de cobrament","4412","asset_receivable","True"
"account_account_4415","Deutors, efectes comercials impagats","4415","asset_receivable","True"
"account_account_446","Deutors de cobrament dubtós","446","asset_receivable","True"
"account_account_449","Deutors per operacions en comú","449","asset_receivable","True"
"account_account_460","Avançaments de remuneracions","460","asset_receivable","True"
"account_account_465","Remuneracions pendents de pagament","465","liability_payable","True"
"account_account_466","Remuneracions mitjançant sistemes d’aportació definida pendents de pagament","466","liability_payable","True"
"account_account_4700","Hisenda pública, deutora per IVA","4700","asset_current","True"
"account_account_4708","Hisenda pública, deutora per subvencions concedides","4708","asset_current","True"
"account_account_4709","Hisenda pública, deutora per devolució d’impostos","4709","asset_current","True"
"account_account_471","Organismes de la Seguretat Social, deutors","471","asset_current","False"
"account_account_472","Hisenda pública, IVA suportat","472","asset_current","False"
"account_account_473","Hisenda pública, retencions i pagaments a compte","473","asset_current","True"
"account_account_4740","Actius per diferències temporànies deduïbles","4740","asset_non_current","False"
"account_account_4742","Drets per deduccions i bonificacions pendents d’aplicar","4742","asset_non_current","False"
"account_account_4745","Crèdit per pèrdues a compensar de l’exercici","4745","asset_non_current","False"
"account_account_4750","Hisenda pública, creditora per IVA","4750","liability_current","True"
"account_account_4751","Hisenda pública, creditora per retencions practicades","4751","liability_current","True"
"account_account_4752","Hisenda pública, creditora per impost sobre societats","4752","liability_current","True"
"account_account_4758","Hisenda pública, creditora per subvencions a reintegrar","4758","liability_current","True"
"account_account_4759","Hisenda pública, creditora per altres conceptes","4759","liability_current","False"
"account_account_476","Organismes de la Seguretat Social, creditors","476","liability_current","False"
"account_account_477","Hisenda pública, IVA repercutit","477","liability_current","False"
"account_account_479","Passius per diferències temporànies imposables","479","liability_non_current","False"
"account_account_480","Despeses anticipades","480","asset_current","False"
"account_account_485","Ingressos anticipats","485","liability_current","False"
"account_account_490","Deteriorament de valor de crèdits per operacions comercials","490","liability_current","False"
"account_account_4933","Deteriorament de valor de crèdits per operacions comercials amb empreses del grup","4933","liability_current","True"
"account_account_4934","Deteriorament de valor de crèdits per operacions comercials amb empreses associades","4934","liability_current","True"
"account_account_4935","Deteriorament de valor de crèdits per operacions comercials amb altres parts vinculades","4935","liability_current","True"
"account_account_4994","Provisió per contractes onerosos","4994","liability_current","True"
"account_account_4999","Provisió per a altres operacions comercials","4999","liability_current","True"
"account_account_500","Obligacions i bons a curt termini","500","liability_current","False"
"account_account_501","Obligacions i bons convertibles a curt termini","501","liability_current","False"
"account_account_502","Accions o participacions a curt termini considerades passius financers","502","liability_current","False"
"account_account_505","Deutes representats en altres valors negociables a curt termini","505","liability_current","False"
"account_account_506","Interessos a curt termini d’emprèstits i altres emissions anàlogues","506","liability_current","False"
"account_account_507","Dividends d’accions o participacions considerades passius financers","507","liability_current","False"
"account_account_5090","Obligacions i bons amortitzats","5090","liability_current","True"
"account_account_5091","Obligacions i bons convertibles amortitzats","5091","liability_current","True"
"account_account_5095","Altres valors negociables amortitzats","5095","liability_current","True"
"account_account_5103","Deutes a curt termini amb entitats de crèdit, empreses del grup","5103","liability_current","False"
"account_account_5104","Deutes a curt termini amb entitats de crèdit, empreses associades","5104","liability_current","False"
"account_account_5105","Deutes a curt termini amb altres entitats de crèdit vinculades","5105","liability_current","False"
"account_account_5113","Proveïdors d’immobilitzat a curt termini, empreses del grup","5113","liability_current","False"
"account_account_5114","Proveïdors d’immobilitzat a curt termini, empreses associades","5114","liability_current","False"
"account_account_5115","Proveïdors d’immobilitzat a curt termini, altres parts vinculades","5115","liability_current","False"
"account_account_5123","Creditors per arrendament financer a curt termini, empreses del grup","5123","liability_current","False"
"account_account_5124","Creditors per arrendament financer a curt termini, empreses associades","5124","liability_current","False"
"account_account_5125","Creditors per arrendament financer a curt termini, altres parts vinculades","5125","liability_current","False"
"account_account_5133","Altres deutes a curt termini amb empreses del grup","5133","liability_current","False"
"account_account_5134","Altres deutes a curt termini amb empreses associades","5134","liability_current","False"
"account_account_5135","Altres deutes a curt termini amb altres parts vinculades","5135","liability_current","False"
"account_account_5143","Interessos a curt termini de deutes, empreses del grup","5143","liability_current","False"
"account_account_5144","Interessos a curt termini de deutes, empreses associades","5144","liability_current","False"
"account_account_5145","Interessos a curt termini de deutes, altres parts vinculades","5145","liability_current","False"
"account_account_5200","Préstecs a curt termini d’entitats de crèdit","5200","liability_current","True"
"account_account_5201","Deutes a curt termini per crèdit disposat","5201","liability_current","True"
"account_account_5208","Deutes per efectes descomptats","5208","liability_current","True"
"account_account_5209","Deutes per operacions de facturatge","5209","liability_current","True"
"account_account_521","Deutes a curt termini","521","liability_current","False"
"account_account_522","Deutes a curt termini transformables en subvencions, donacions i llegats","522","liability_current","False"
"account_account_523","Proveïdors d’immobilitzat a curt termini","523","liability_payable","True"
"account_account_524","Creditors per arrendament financer a curt termini","524","liability_current","False"
"account_account_525","Efectes a pagar a curt termini","525","liability_current","False"
"account_account_526","Dividend actiu a pagar","526","liability_payable","True"
"account_account_527","Interessos a curt termini de deutes amb entitats de crèdit","527","liability_current","False"
"account_account_528","Interessos a curt termini de deutes","528","liability_current","False"
"account_account_5290","Provisió a curt termini per retribucions al personal","5290","liability_current","True"
"account_account_5291","Provisió a curt termini per a impostos","5291","liability_current","True"
"account_account_5292","Provisió a curt termini per a altres responsabilitats","5292","liability_current","True"
"account_account_5293","Provisió a curt termini per desmantellament, retirament o rehabilitació de l’immobilitzat","5293","liability_current","True"
"account_account_5295","Provisió a curt termini per a actuacions mediambientals","5295","liability_current","True"
"account_account_5296","Provisió a curt termini per a reestructuracions","5296","liability_current","True"
"account_account_5297","Provisió a curt termini per transaccions amb pagaments basats en instruments de patrimoni","5297","liability_current","True"
"account_account_5303","Participacions a curt termini, en empreses del grup","5303","asset_current","False"
"account_account_5304","Participacions a curt termini, en empreses associades","5304","asset_current","False"
"account_account_5305","Participacions a curt termini, en altres parts vinculades","5305","asset_current","False"
"account_account_5313","Valors representatius de deute a curt termini d’empreses del grup","5313","asset_current","False"
"account_account_5314","Valors representatius de deute a curt termini d’empreses associades","5314","asset_current","False"
"account_account_5315","Valors representatius de deute a curt termini d’altres parts vinculades","5315","asset_current","False"
"account_account_5323","Crèdits a curt termini a empreses del grup","5323","asset_current","False"
"account_account_5324","Crèdits a curt termini a empreses associades","5324","asset_current","False"
"account_account_5325","Crèdits a curt termini a altres parts vinculades","5325","asset_current","False"
"account_account_5333","Interessos a curt termini de valors representatius de deute d’empreses del grup","5333","asset_current","False"
"account_account_5334","Interessos a curt termini de valors representatius de deute d’empreses associades","5334","asset_current","False"
"account_account_5335","Interessos a curt termini de valors representatius de deute d’altres parts vinculades","5335","asset_current","False"
"account_account_5343","Interessos a curt termini de crèdits a empreses del grup","5343","asset_current","False"
"account_account_5344","Interessos a curt termini de crèdits a empreses associades","5344","asset_current","False"
"account_account_5345","Interessos a curt termini de crèdits a altres parts vinculades","5345","asset_current","False"
"account_account_5353","Dividend a cobrar d’empreses del grup","5353","asset_current","False"
"account_account_5354","Dividend a cobrar d’empreses associades","5354","asset_current","False"
"account_account_5355","Dividend a cobrar d’altres parts vinculades","5355","asset_current","False"
"account_account_5393","Desemborsaments pendents sobre participacions a curt termini en empreses del grup","5393","asset_current","False"
"account_account_5394","Desemborsaments pendents sobre participacions a curt termini en empreses associades","5394","asset_current","False"
"account_account_5395","Desemborsaments pendents sobre participacions a curt termini en altres parts vinculades","5395","asset_current","False"
"account_account_540","Inversions financeres a curt termini en instruments de patrimoni","540","asset_current","False"
"account_account_541","Valors representatius de deute a curt termini","541","asset_current","False"
"account_account_542","Crèdits a curt termini","542","asset_current","False"
"account_account_543","Crèdits a curt termini per alienació d’immobilitzat","543","asset_current","False"
"account_account_544","Crèdits a curt termini al personal","544","asset_current","False"
"account_account_545","Dividend a cobrar","545","asset_current","False"
"account_account_546","Interessos a curt termini de valors representatius de deutes","546","asset_current","False"
"account_account_547","Interessos a curt termini de crèdits","547","asset_current","False"
"account_account_548","Imposicions a curt termini","548","asset_current","False"
"account_account_549","Desemborsaments pendents sobre participacions en el patrimoni net a curt termini","549","asset_current","False"
"account_account_550","Titular de l’explotació","550","asset_current","False"
"account_account_551","Compte corrent amb socis i administradors","551","asset_current","False"
"account_account_5523","Compte corrent amb empreses del grup","5523","asset_current","False"
"account_account_5524","Compte corrent amb empreses associades","5524","asset_current","False"
"account_account_5525","Compte corrent amb altres parts vinculades","5525","asset_current","False"
"account_account_5530","Socis de societat dissolta","5530","liability_current","False"
"account_account_5531","Socis, compte de fusió","5531","asset_current","False"
"account_account_5532","Socis de societat escindida","5532","liability_current","False"
"account_account_5533","Socis, compte d’escissió","5533","asset_current","False"
"account_account_554","Compte corrent amb unions temporals d’empreses i comunitats de béns","554","asset_current","False"
"account_account_555","Partides pendents d’aplicació","555","liability_current","False"
"account_account_5563","Desemborsaments exigits sobre participacions, empreses del grup","5563","liability_current","False"
"account_account_5564","Desemborsaments exigits sobre participacions, empreses associades","5564","liability_current","False"
"account_account_5565","Desemborsaments exigits sobre participacions, altres parts vinculades","5565","liability_current","False"
"account_account_5566","Desemborsaments exigits sobre participacions d’altres empreses","5566","liability_current","False"
"account_account_557","Dividend actiu a compte","557","asset_current","False"
"account_account_5580","Socis per desemborsaments exigits sobre accions o participacions ordinàries","5580","asset_current","False"
"account_account_5585","Socis per desemborsaments exigits sobre accions o participacions considerades passius financers","5585","liability_current","False"
"account_account_5590","Actius per derivats financers a curt termini, cartera de negociació","5590","asset_current","False"
"account_account_5593","Actius per derivats financers a curt termini, instruments de cobertura","5593","asset_current","False"
"account_account_5595","Passius per derivats financers a curt termini, cartera de negociació","5595","liability_current","False"
"account_account_5598","Passius per derivats financers a curt termini, instruments de cobertura","5598","liability_current","False"
"account_account_560","Fiances rebudes a curt termini","560","liability_current","False"
"account_account_561","Dipòsits rebuts a curt termini","561","liability_current","False"
"account_account_565","Fiances constituïdes a curt termini","565","asset_current","False"
"account_account_566","Dipòsits constituïts a curt termini","566","asset_current","False"
"account_account_567","Interessos pagats per endavant","567","asset_current","False"
"account_account_568","Interessos cobrats per endavant","568","liability_current","False"
"account_account_569","Garanties financeres a curt termini","569","liability_current","False"
"account_account_570","Caixa, euros","570","asset_cash","False"
"account_account_571","Caixa, moneda estrangera","571","asset_cash","False"
"account_account_572998","Compte transitori","572998","asset_current","False"
"account_account_573","Bancs i institucions de crèdit c/c a la vista, moneda estrangera","573","asset_cash","False"
"account_account_574","Bancs i institucions de crèdit, comptes d’estalvi, euros","574","asset_cash","False"
"account_account_575","Bancs i institucions de crèdit, comptes d’estalvi, moneda estrangera","575","asset_cash","False"
"account_account_576","Inversions a curt termini de gran liquiditat","576","asset_current","False"
"account_account_580","Immobilitzat","580","asset_current","False"
"account_account_581","Inversions amb persones i entitats vinculades","581","asset_current","False"
"account_account_582","Inversions financeres","582","asset_current","False"
"account_account_583","Existències, deutors comercials i altres comptes a cobrar","583","asset_current","False"
"account_account_584","Altres actius","584","asset_current","False"
"account_account_585","Provisions","585","liability_current","False"
"account_account_586","Deutes amb característiques especials","586","liability_current","False"
"account_account_587","Deutes amb persones i entitats vinculades","587","liability_current","False"
"account_account_588","Creditors comercials i altres comptes a pagar","588","liability_current","False"
"account_account_589","Altres passius","589","liability_current","False"
"account_account_5933","Deteriorament de valor de participacions a curt termini en empreses del grup","5933","asset_current","False"
"account_account_5934","Deteriorament de valor de participacions a curt termini en empreses associades","5934","asset_current","False"
"account_account_5943","Deteriorament de valor de valors representatius de deute a curt termini d’empreses del grup","5943","asset_current","False"
"account_account_5944","Deteriorament de valor de valors representatius de deute a curt termini d’empreses associades","5944","asset_current","False"
"account_account_5945","Deteriorament de valor de valors representatius de deute a curt termini d’altres parts vinculades","5945","asset_current","False"
"account_account_5953","Deteriorament de valor de crèdits a curt termini a empreses del grup","5953","asset_current","False"
"account_account_5954","Deteriorament de valor de crèdits a curt termini a empreses associades","5954","asset_current","False"
"account_account_5955","Deteriorament de valor de crèdits a curt termini a altres parts vinculades","5955","asset_current","False"
"account_account_597","Deteriorament de valor de valors representatius de deute a curt termini","597","asset_current","False"
"account_account_598","Deteriorament de valor de crèdits a curt termini","598","asset_current","False"
"account_account_5990","Deteriorament de valor d’immobilitzat no corrent mantingut per a la venda","5990","asset_current","False"
"account_account_5991","Deteriorament de valor d’inversions amb persones i entitats vinculades no corrents mantingudes per a la venda","5991","asset_current","False"
"account_account_5992","Deteriorament de valor d’inversions financeres no corrents mantingudes per a la venda","5992","asset_current","False"
"account_account_5993","Deteriorament de valor d’existències, deutors comercials i altres comptes a cobrar integrats en un grup alienable mantingut per a la venda","5993","asset_current","False"
"account_account_5994","Deteriorament de valor d’altres actius mantinguts per a la venda","5994","asset_current","False"
"account_account_600","Compres de mercaderies","600","expense","False"
"account_account_601","Compres de primeres matèries","601","expense","False"
"account_account_602","Compres d’altres aprovisionaments","602","expense","False"
"account_account_6060","Descomptes sobre compres per pagament immediat de mercaderies","6060","expense","False"
"account_account_6061","Descomptes sobre compres per pagament immediat de primeres matèries","6061","expense","False"
"account_account_6062","Descomptes sobre compres per pagament immediat d’altres aprovisionaments","6062","expense","False"
"account_account_607","Treballs realitzats per altres empreses","607","expense","False"
"account_account_6080","Devolucions de compres de mercaderies","6080","expense","False"
"account_account_6081","Devolucions de compres de primeres matèries","6081","expense","False"
"account_account_6082","Devolucions de compres d’altres aprovisionaments","6082","expense","False"
"account_account_6090","Ràpels per compres de mercaderies","6090","expense","False"
"account_account_6091","Ràpels per compres de primeres matèries","6091","expense","False"
"account_account_6092","Ràpels per compres d’altres aprovisionaments","6092","expense","False"
"account_account_610","Variació d’existències de mercaderies","610","expense","False"
"account_account_611","Variació d’existències de primeres matèries","611","expense","False"
"account_account_612","Variació d’existències d’altres aprovisionaments","612","expense","False"
"account_account_620","Despeses en recerca i desenvolupament de l’exercici","620","expense","False"
"account_account_621","Arrendaments i cànons","621","expense","False"
"account_account_622","Reparacions i conservació","622","expense","False"
"account_account_623","Serveis de professionals independents","623","expense","False"
"account_account_624","Transports","624","expense","False"
"account_account_625","Primes d’assegurances","625","expense","False"
"account_account_626","Serveis bancaris i similars","626","expense","False"
"account_account_627","Publicitat, propaganda i relacions públiques","627","expense","False"
"account_account_628","Subministraments","628","expense","False"
"account_account_629","Altres serveis","629","expense","False"
"account_account_6300","Impost corrent","6300","expense","False"
"account_account_6301","Impost diferit","6301","expense","False"
"account_account_631","Altres tributs","631","expense","False"
"account_account_633","Ajustos negatius en la imposició sobre beneficis","633","expense","False"
"account_account_6341","Ajustos negatius en IVA d’actiu corrent","6341","expense","False"
"account_account_6342","Ajustos negatius en IVA d’inversions","6342","expense","False"
"account_account_636","Devolució d’impostos","636","expense","False"
"account_account_638","Ajustos positius en la imposició sobre beneficis","638","expense","False"
"account_account_6391","Ajustos positius en IVA d’actiu corrent","6391","expense","False"
"account_account_6392","Ajustos positius en IVA d’inversions","6392","expense","False"
"account_account_640","Sous i salaris","640","expense","False"
"account_account_641","Indemnitzacions","641","expense","False"
"account_account_642","Seguretat Social a càrrec de l’empresa","642","expense","False"
"account_account_643","Retribucions a llarg termini mitjançant sistemes d’aportació definida","643","expense","False"
"account_account_6440","Contribucions anuals","6440","expense","False"
"account_account_6442","Altres costos","6442","expense","False"
"account_account_6450","Retribucions al personal liquidats amb instruments de patrimoni","6450","expense","False"
"account_account_6457","Retribucions al personal liquidats en efectiu basat en instruments de patrimoni","6457","expense","False"
"account_account_649","Altres despeses socials","649","expense","False"
"account_account_650","Pèrdues de crèdits comercials incobrables","650","expense","False"
"account_account_6510","Benefici transferit (gestor)","6510","expense","False"
"account_account_6511","Pèrdua suportada (partícip o associat no gestor)","6511","expense","False"
"account_account_659","Altres pèrdues en gestió corrent","659","expense","False"
"account_account_660","Despeses financeres per actualització de provisions","660","expense","False"
"account_account_6610","Interessos d’obligacions i bons a llarg termini, empreses del grup","6610","expense","False"
"account_account_6611","Interessos d’obligacions i bons a llarg termini, empreses associades","6611","expense","False"
"account_account_6612","Interessos d’obligacions i bons a llarg termini, altres parts vinculades","6612","expense","False"
"account_account_6613","Interessos d’obligacions i bons a llarg termini, altres empreses","6613","expense","False"
"account_account_6615","Interessos d’obligacions i bons a curt termini, empreses del grup","6615","expense","False"
"account_account_6616","Interessos d’obligacions i bons a curt termini, empreses associades","6616","expense","False"
"account_account_6617","Interessos d’obligacions i bons a curt termini, altres parts vinculades","6617","expense","False"
"account_account_6618","Interessos d’obligacions i bons a curt termini, altres empreses","6618","expense","False"
"account_account_6620","Interessos de deutes, empreses del grup","6620","expense","False"
"account_account_6621","Interessos de deutes, empreses associades","6621","expense","False"
"account_account_6622","Interessos de deutes, altres parts vinculades","6622","expense","False"
"account_account_6623","Interessos de deutes amb entitats de crèdit","6623","expense","False"
"account_account_6624","Interessos de deutes, altres empreses","6624","expense","False"
"account_account_6630","Pèrdues de cartera de negociació","6630","expense","False"
"account_account_6631","Pèrdues de designats per l’empresa","6631","expense","False"
"account_account_6632","Pèrdues d’actius financers a valor raonable amb canvis en el patrimoni net","6632","expense","False"
"account_account_6633","Pèrdues d’instruments de cobertura","6633","expense","False"
"account_account_6640","Dividends de passius, empreses del grup","6640","expense","False"
"account_account_6641","Dividends de passius, empreses associades","6641","expense","False"
"account_account_6642","Dividends de passius, altres parts vinculades","6642","expense","False"
"account_account_6643","Dividends de passius, altres empreses","6643","expense","False"
"account_account_6650","Interessos per descompte d’efectes en entitats de crèdit del grup","6650","expense","False"
"account_account_6651","Interessos per descompte d’efectes en entitats de crèdit associades","6651","expense","False"
"account_account_6652","Interessos per descompte d’efectes en altres entitats de crèdit vinculades","6652","expense","False"
"account_account_6653","Interessos per descompte d’efectes en altres entitats de crèdit","6653","expense","False"
"account_account_6654","Interessos per operacions de facturatge amb entitats de crèdit del grup","6654","expense","False"
"account_account_6655","Interessos per operacions de facturatge amb entitats de crèdit associades","6655","expense","False"
"account_account_6656","Interessos per operacions de facturatge amb altres entitats de crèdit vinculades","6656","expense","False"
"account_account_6657","Interessos per operacions de facturatge amb altres entitats de crèdit","6657","expense","False"
"account_account_6660","Pèrdues en valors representatius de deute a llarg termini, empreses del grup","6660","expense","False"
"account_account_6661","Pèrdues en valors representatius de deute a llarg termini, empreses associades","6661","expense","False"
"account_account_6662","Pèrdues en valors representatius de deute a llarg termini, altres parts vinculades","6662","expense","False"
"account_account_6663","Pèrdues en participacions i valors representatius de deute a llarg termini, altres empreses","6663","expense","False"
"account_account_6665","Pèrdues en participacions i valors representatius de deute a curt termini, empreses del grup","6665","expense","False"
"account_account_6666","Pèrdues en participacions i valors representatius de deute a curt termini, empreses associades","6666","expense","False"
"account_account_6667","Pèrdues en valors representatius de deute a curt termini, altres parts vinculades","6667","expense","False"
"account_account_6668","Pèrdues en valors representatius de deute a curt termini, altres empreses","6668","expense","False"
"account_account_6670","Pèrdues de crèdits a llarg termini, empreses del grup","6670","expense","False"
"account_account_6671","Pèrdues de crèdits a llarg termini, empreses associades","6671","expense","False"
"account_account_6672","Pèrdues de crèdits a llarg termini, altres parts vinculades","6672","expense","False"
"account_account_6673","Pèrdues de crèdits a llarg termini, altres empreses","6673","expense","False"
"account_account_6675","Pèrdues de crèdits a curt termini, empreses del grup","6675","expense","False"
"account_account_6676","Pèrdues de crèdits a curt termini, empreses associades","6676","expense","False"
"account_account_6677","Pèrdues de crèdits a curt termini, altres parts vinculades","6677","expense","False"
"account_account_6678","Pèrdues de crèdits a curt termini, altres empreses","6678","expense","False"
"account_account_668","Diferències negatives de canvi","668","expense","False"
"account_account_669","Altres despeses financeres","669","expense","False"
"account_account_670","Pèrdues procedents de l’immobilitzat intangible","670","expense","False"
"account_account_671","Pèrdues procedents de l’immobilitzat material","671","expense","False"
"account_account_672","Pèrdues procedents de les inversions immobiliàries","672","expense","False"
"account_account_6733","Pèrdues procedents de participacions a llarg termini, empreses del grup","6733","expense","False"
"account_account_6734","Pèrdues procedents de participacions a llarg termini, empreses associades","6734","expense","False"
"account_account_6735","Pèrdues procedents de participacions a llarg termini, altres parts vinculades","6735","expense","False"
"account_account_675","Pèrdues per operacions amb obligacions pròpies","675","expense","False"
"account_account_678","Despeses excepcionals","678","expense","False"
"account_account_680","Amortització de l’immobilitzat intangible","680","expense","False"
"account_account_681","Amortització de l’immobilitzat material","681","expense","False"
"account_account_682","Amortització de les inversions immobiliàries","682","expense","False"
"account_account_690","Pèrdues per deteriorament de l’immobilitzat intangible","690","expense","False"
"account_account_691","Pèrdues per deteriorament de l’immobilitzat material","691","expense","False"
"account_account_692","Pèrdues per deteriorament de les inversions immobiliàries","692","expense","False"
"account_account_6930","Pèrdues per deteriorament de productes acabats i en curs de fabricació","6930","expense","False"
"account_account_6931","Pèrdues per deteriorament de mercaderies","6931","expense","False"
"account_account_6932","Pèrdues per deteriorament de primeres matèries","6932","expense","False"
"account_account_6933","Pèrdues per deteriorament d’altres aprovisionaments","6933","expense","False"
"account_account_694","Pèrdues per deteriorament de crèdits per operacions comercials","694","expense","False"
"account_account_6954","Dotació a la provisió per contractes onerosos","6954","expense","False"
"account_account_6959","Dotació a la provisió per a altres operacions comercials","6959","expense","False"
"account_account_6960","Pèrdues per deteriorament de participacions en instruments de patrimoni net a llarg termini, empreses del grup","6960","expense","False"
"account_account_6961","Pèrdues per deteriorament de participacions en instruments de patrimoni net a llarg termini, empreses associades","6961","expense","False"
"account_account_6962","Pèrdues per deteriorament de participacions en instruments de patrimoni net a llarg termini, altres parts vinculades","6962","expense","False"
"account_account_6963","Pèrdues per deteriorament de participacions en instruments de patrimoni net a llarg termini, altres empreses","6963","expense","False"
"account_account_6965","Pèrdues per deteriorament en valors representatius de deute a llarg termini, empreses del grup","6965","expense","False"
"account_account_6966","Pèrdues per deteriorament en valors representatius de deute a llarg termini, empreses associades","6966","expense","False"
"account_account_6967","Pèrdues per deteriorament en valors representatius de deute a llarg termini, altres parts vinculades","6967","expense","False"
"account_account_6968","Pèrdues per deteriorament en valors representatius de deute a llarg termini, d’altres empreses","6968","expense","False"
"account_account_6970","Pèrdues per deteriorament de crèdits a llarg termini, empreses del grup","6970","expense","False"
"account_account_6971","Pèrdues per deteriorament de crèdits a llarg termini, empreses associades","6971","expense","False"
"account_account_6972","Pèrdues per deteriorament de crèdits a llarg termini, altres parts vinculades","6972","expense","False"
"account_account_6973","Pèrdues per deteriorament de crèdits a llarg termini, altres empreses","6973","expense","False"
"account_account_6980","Pèrdues per deteriorament de participacions en instruments de patrimoni net a curt termini, empreses del grup","6980","expense","False"
"account_account_6981","Pèrdues per deteriorament de participacions en instruments de patrimoni net a curt termini, empreses associades","6981","expense","False"
"account_account_6985","Pèrdues per deteriorament en valors representatius de deute a curt termini, empreses del grup","6985","expense","False"
"account_account_6986","Pèrdues per deteriorament en valors representatius de deute a curt termini, empreses associades","6986","expense","False"
"account_account_6987","Pèrdues per deteriorament en valors representatius de deute a curt termini, altres parts vinculades","6987","expense","False"
"account_account_6988","Pèrdues per deteriorament en valors representatius de deute a curt termini, d’altres empreses","6988","expense","False"
"account_account_6990","Pèrdues per deteriorament de crèdits a curt termini, empreses del grup","6990","expense","False"
"account_account_6991","Pèrdues per deteriorament de crèdits a curt termini, empreses associades","6991","expense","False"
"account_account_6992","Pèrdues per deteriorament de crèdits a curt termini, altres parts vinculades","6992","expense","False"
"account_account_6993","Pèrdues per deteriorament de crèdits a curt termini, altres empreses","6993","expense","False"
"account_account_7000","Vendes de mercaderies a Espanya","7000","income","False"
"account_account_7001","Vendes de mercaderies intracomunitàries","7001","income","False"
"account_account_7002","Vendes de mercaderies en exportació","7002","income","False"
"account_account_7010","Vendes de productes acabats a Espanya","7010","income","False"
"account_account_7011","Vendes de productes acabats intracomunitàries","7011","income","False"
"account_account_7012","Vendes de productes acabats en exportació","7012","income","False"
"account_account_7020","Vendes de productes semiacabats a Espanya","7020","income","False"
"account_account_7021","Vendes de productes semiacabats intracomunitàries","7021","income","False"
"account_account_7022","Vendes de productes semiacabats en exportació","7022","income","False"
"account_account_7030","Vendes de subproductes i residus a Espanya","7030","income","False"
"account_account_7031","Vendes de subproductes i residus intracomunitàries","7031","income","False"
"account_account_7032","Vendes de subproductes i residus en exportació","7032","income","False"
"account_account_7040","Vendes d’envasos i embalatges a Espanya","7040","income","False"
"account_account_7041","Vendes d’envasos i embalatges intracomunitàries","7041","income","False"
"account_account_7042","Vendes d’envasos i embalatges en exportació","7042","income","False"
"account_account_7050","Prestació de serveis a Espanya","7050","income","False"
"account_account_7051","Prestació de serveis intracomunitaris","7051","income","False"
"account_account_7052","Prestació de serveis fora de la UE","7052","income","False"
"account_account_7060","Descomptes sobre vendes per pagament immediat de mercaderies","7060","income","False"
"account_account_7061","Descomptes sobre vendes per pagament immediat de productes acabats","7061","income","False"
"account_account_7062","Descomptes sobre vendes per pagament immediat de productes semiacabats","7062","income","False"
"account_account_7063","Descomptes sobre vendes per pagament immediat de subproductes i residus","7063","income","False"
"account_account_7080","Devolucions de vendes de mercaderies","7080","income","False"
"account_account_7081","Devolucions de vendes de productes acabats","7081","income","False"
"account_account_7082","Devolucions de vendes de productes semiacabats","7082","income","False"
"account_account_7083","Devolucions de vendes de subproductes i residus","7083","income","False"
"account_account_7084","Devolucions de vendes d’envasos i embalatges","7084","income","False"
"account_account_7090","Ràpels sobre vendes de mercaderies","7090","income","False"
"account_account_7091","Ràpels sobre vendes de productes acabats","7091","income","False"
"account_account_7092","Ràpels sobre vendes de productes semiacabats","7092","income","False"
"account_account_7093","Ràpels sobre vendes de subproductes i residus","7093","income","False"
"account_account_7094","Ràpels sobre vendes d’envasos i embalatges","7094","income","False"
"account_account_710","Variació d’existències de productes en curs","710","income","False"
"account_account_711","Variació d’existències de productes semiacabats","711","income","False"
"account_account_712","Variació d’existències de productes acabats","712","income","False"
"account_account_713","Variació d’existències de subproductes, residus i materials recuperats","713","income","False"
"account_account_730","Treballs realitzats per a l’immobilitzat intangible","730","income","False"
"account_account_731","Treballs realitzats per a l’immobilitzat material","731","income","False"
"account_account_732","Treballs realitzats en inversions immobiliàries","732","income","False"
"account_account_733","Treballs realitzats per a l’immobilitzat material en curs","733","income","False"
"account_account_740","Subvencions, donacions i llegats a l’explotació","740","income","False"
"account_account_746","Subvencions, donacions i llegats de capital transferits al resultat de l’exercici","746","income","False"
"account_account_7461","Subvencions, donacions i llegats de capital transferits al resultat de l’exercici de caràcter financer","7461","income","False"
"account_account_747","Altres subvencions, donacions i llegats transferits al resultat de l’exercici","747","income","False"
"account_account_7510","Pèrdua transferida (gestor)","7510","income","False"
"account_account_7511","Benefici atribuït (partícip o associat no gestor)","7511","income","False"
"account_account_752","Ingressos per arrendaments","752","income","False"
"account_account_753","Ingressos de propietat industrial cedida en explotació","753","income","False"
"account_account_754","Ingressos per comissions","754","income","False"
"account_account_755","Ingressos per serveis al personal","755","income","False"
"account_account_759","Ingressos per serveis diversos","759","income","False"
"account_account_7600","Ingressos de participacions en instruments de patrimoni, empreses del grup","7600","income","False"
"account_account_7601","Ingressos de participacions en instruments de patrimoni, empreses associades","7601","income","False"
"account_account_7602","Ingressos de participacions en instruments de patrimoni, altres parts vinculades","7602","income","False"
"account_account_7603","Ingressos de participacions en instruments de patrimoni, altres empreses","7603","income","False"
"account_account_7610","Ingressos de valors representatius de deute, empreses del grup","7610","income","False"
"account_account_7611","Ingressos de valors representatius de deute, empreses associades","7611","income","False"
"account_account_7612","Ingressos de valors representatius de deute, altres parts vinculades","7612","income","False"
"account_account_7613","Ingressos de valors representatius de deute, altres empreses","7613","income","False"
"account_account_76200","Ingressos de crèdits a llarg termini, empreses del grup","76200","income","False"
"account_account_76201","Ingressos de crèdits a llarg termini, empreses associades","76201","income","False"
"account_account_76202","Ingressos de crèdits a llarg termini, altres parts vinculades","76202","income","False"
"account_account_76203","Ingressos de crèdits a llarg termini, altres empreses","76203","income","False"
"account_account_76210","Ingressos de crèdits a curt termini, empreses del grup","76210","income","False"
"account_account_76211","Ingressos de crèdits a curt termini, empreses associades","76211","income","False"
"account_account_76212","Ingressos de crèdits a curt termini, altres parts vinculades","76212","income","False"
"account_account_76213","Ingressos de crèdits a curt termini, altres empreses","76213","income","False"
"account_account_7630","Beneficis de cartera de negociació","7630","income","False"
"account_account_7631","Beneficis de designats per l’empresa","7631","income","False"
"account_account_7632","Beneficis d’actius financers a valor raonable amb canvis en el patrimoni net","7632","income","False"
"account_account_7633","Beneficis d’instruments de cobertura","7633","income","False"
"account_account_7660","Beneficis en valors representatius de deute a llarg termini, empreses del grup","7660","income","False"
"account_account_7661","Beneficis en valors representatius de deute a llarg termini, empreses associades","7661","income","False"
"account_account_7662","Beneficis en valors representatius de deute a llarg termini, altres parts vinculades","7662","income","False"
"account_account_7663","Beneficis en participacions i valors representatius de deute a llarg termini, altres empreses","7663","income","False"
"account_account_7665","Beneficis en participacions i valors representatius de deute a curt termini, empreses del grup","7665","income","False"
"account_account_7666","Beneficis en participacions i valors representatius de deute a curt termini, empreses associades","7666","income","False"
"account_account_7667","Beneficis en valors representatius de deute a curt termini, altres parts vinculades","7667","income","False"
"account_account_7668","Beneficis en valors representatius de deute a curt termini, altres empreses","7668","income","False"
"account_account_767","Ingressos d’actius afectes i de drets de reemborsament relatius a retribucions a llarg termini","767","income","False"
"account_account_768","Diferències positives de canvi","768","income_other","False"
"account_account_769","Altres ingressos financers","769","income","False"
"account_account_770","Beneficis procedents de l’immobilitzat intangible","770","income","False"
"account_account_771","Beneficis procedents de l’immobilitzat material","771","income","False"
"account_account_772","Beneficis procedents de les inversions immobiliàries","772","income","False"
"account_account_7733","Beneficis procedents de participacions a llarg termini, empreses del grup","7733","income","False"
"account_account_7734","Beneficis procedents de participacions a llarg termini, empreses associades","7734","income","False"
"account_account_7735","Beneficis procedents de participacions a llarg termini, altres parts vinculades","7735","income","False"
"account_account_774","Diferència negativa en combinacions de negocis","774","income","False"
"account_account_775","Beneficis per operacions amb obligacions pròpies","775","income","False"
"account_account_778","Ingressos excepcionals","778","income","False"
"account_account_790","Reversió del deteriorament de l’immobilitzat intangible","790","income","False"
"account_account_791","Reversió del deteriorament de l’immobilitzat material","791","income","False"
"account_account_792","Reversió del deteriorament de les inversions immobiliàries","792","income","False"
"account_account_7930","Reversió del deteriorament de productes acabats i en curs de fabricació","7930","income","False"
"account_account_7931","Reversió del deteriorament de mercaderies","7931","income","False"
"account_account_7932","Reversió del deteriorament de primeres matèries","7932","income","False"
"account_account_7933","Reversió del deteriorament d’altres aprovisionaments","7933","income","False"
"account_account_794","Reversió del deteriorament de crèdits per operacions comercials","794","income","False"
"account_account_7950","Excés de provisió per retribucions al personal","7950","income","False"
"account_account_7951","Excés de provisió per a impostos","7951","income","False"
"account_account_7952","Excés de provisió per a altres responsabilitats","7952","income","False"
"account_account_79544","Excés de provisió per contractes onerosos","79544","income","False"
"account_account_79549","Excés de provisió per a altres operacions comercials","79549","income","False"
"account_account_7955","Excés de provisió per a actuacions mediambientals","7955","income","False"
"account_account_7956","Excés de provisió per a reestructuracions","7956","income","False"
"account_account_7957","Excés de provisió per transaccions amb pagaments basats en instruments de patrimoni","7957","income","False"
"account_account_7960","Reversió del deteriorament de participacions en instruments de patrimoni net a llarg termini, empreses del grup","7960","income","False"
"account_account_7961","Reversió del deteriorament de participacions en instruments de patrimoni net a llarg termini, empreses associades","7961","income","False"
"account_account_7965","Reversió del deteriorament de valors representatius de deute a llarg termini, empreses del grup","7965","income","False"
"account_account_7966","Reversió del deteriorament de valors representatius de deute a llarg termini, empreses associades","7966","income","False"
"account_account_7967","Reversió del deteriorament de valors representatius de deute a llarg termini, altres parts vinculades","7967","income","False"
"account_account_7968","Reversió del deteriorament de valors representatius de deute a llarg termini, altres empreses","7968","income","False"
"account_account_7970","Reversió del deteriorament de crèdits a llarg termini, empreses del grup","7970","income","False"
"account_account_7971","Reversió del deteriorament de crèdits a llarg termini, empreses associades","7971","income","False"
"account_account_7972","Reversió del deteriorament de crèdits a llarg termini, altres parts vinculades","7972","income","False"
"account_account_7973","Reversió del deteriorament de crèdits a llarg termini, altres empreses","7973","income","False"
"account_account_7980","Reversió del deteriorament de participacions en instruments de patrimoni net a curt termini, empreses del grup","7980","income","False"
"account_account_7981","Reversió del deteriorament de participacions en instruments de patrimoni net a curt termini, empreses associades","7981","income","False"
"account_account_7985","Reversió del deteriorament en valors representatius de deute a curt termini, empreses del grup","7985","income","False"
"account_account_7986","Reversió del deteriorament en valors representatius de deute a curt termini, empreses associades","7986","income","False"
"account_account_7987","Reversió del deteriorament en valors representatius de deute a curt termini, altres parts vinculades","7987","income","False"
"account_account_7988","Reversió del deteriorament en valors representatius de deute a curt termini, altres empreses","7988","income","False"
"account_account_7990","Reversió del deteriorament de crèdits a curt termini, empreses del grup","7990","income","False"
"account_account_7991","Reversió del deteriorament de crèdits a curt termini, empreses associades","7991","income","False"
"account_account_7992","Reversió del deteriorament de crèdits a curt termini, altres parts vinculades","7992","income","False"
"account_account_7993","Reversió del deteriorament de crèdits a curt termini, altres empreses","7993","income","False"
"account_account_800","Pèrdues d’actius financers a valor raonable amb canvis en el patrimoni net","800","expense","False"
"account_account_802","Transferència de beneficis en actius financers a valor raonable amb canvis en el patrimoni net","802","expense","False"
"account_account_810","Pèrdues per cobertures de fluxos d’efectiu","810","expense","False"
"account_account_811","Pèrdues per cobertures d’inversions netes en un negoci a l’estranger","811","expense","False"
"account_account_812","Transferència de beneficis per cobertures de fluxos d’efectiu","812","expense","False"
"account_account_813","Transferència de beneficis per cobertures d’inversions netes en un negoci a l’estranger","813","expense","False"
"account_account_820","Diferències de conversió negatives","820","expense","False"
"account_account_821","Transferència de diferències de conversió positives","821","expense","False"
"account_account_8300","Impost corrent","8300","expense","False"
"account_account_8301","Impost diferit","8301","expense","False"
"account_account_833","Ajustos negatius en la imposició sobre beneficis","833","expense","False"
"account_account_834","Ingressos fiscals per diferències permanents","834","expense","False"
"account_account_835","Ingressos fiscals per deduccions i bonificacions","835","expense","False"
"account_account_836","Transferència de diferències permanents","836","expense","False"
"account_account_837","Transferència de deduccions i bonificacions","837","expense","False"
"account_account_838","Ajustos positius en la imposició sobre beneficis","838","expense","False"
"account_account_840","Transferència de subvencions oficials de capital","840","expense","False"
"account_account_841","Transferència de donacions i llegats de capital","841","expense","False"
"account_account_842","Transferència d’altres subvencions, donacions i llegats","842","expense","False"
"account_account_850","Pèrdues actuarials","850","expense","False"
"account_account_851","Ajustos negatius en actius per retribucions a llarg termini de prestació definida","851","expense","False"
"account_account_860","Pèrdues en actius no corrents i grups alienables d’elements mantinguts per a la venda","860","expense","False"
"account_account_862","Transferència de beneficis en actius no corrents i grups alienables d’elements mantinguts per a la venda","862","expense","False"
"account_account_891","Deteriorament de participacions en el patrimoni, empreses del grup","891","expense_depreciation","False"
"account_account_892","Deteriorament de participacions en el patrimoni, empreses associades","892","expense_depreciation","False"
"account_account_900","Beneficis en actius financers a valor raonable amb canvis en el patrimoni net","900","income","False"
"account_account_902","Transferència de pèrdues d’actius financers a valor raonable amb canvis en el patrimoni net","902","income","False"
"account_account_910","Beneficis per cobertures de fluxos d’efectiu","910","income","False"
"account_account_911","Beneficis per cobertures d’una inversió neta en un negoci a l’estranger","911","income","False"
"account_account_912","Transferència de pèrdues per cobertures de fluxos d’efectiu","912","income","False"
"account_account_913","Transferència de pèrdues per cobertures d’una inversió neta en un negoci a l’estranger","913","income","False"
"account_account_920","Diferències de conversió positives","920","income","False"
"account_account_921","Transferència de diferències de conversió negatives","921","income","False"
"account_account_940","Ingressos de subvencions oficials de capital","940","income","False"
"account_account_941","Ingressos de donacions i llegats de capital","941","income","False"
"account_account_942","Ingressos d’altres subvencions, donacions i llegats","942","income","False"
"account_account_950","Guanys actuarials","950","income","False"
"account_account_951","Ajustos positius en actius per retribucions a llarg termini de prestació definida","951","income","False"
"account_account_960","Beneficis en actius no corrents i grups alienables d’elements mantinguts per a la venda","960","income","False"
"account_account_962","Transferència de pèrdues en actius no corrents i grups alienables d’elements mantinguts per a la venda","962","income","False"
"account_account_991","Recuperació d’ajustos valoratius negatius previs, empreses del grup","991","income","False"
"account_account_992","Recuperació d’ajustos valoratius negatius previs, empreses associades","992","income","False"
"account_account_993","Transferència per deteriorament d’ajustos valoratius negatius previs, empreses del grup","993","income","False"
"account_account_994","Transferència per deteriorament d’ajustos valoratius negatius previs, empreses associades","994","income","False"
"pgc_572_child","Bancs i institucions de crèdit c/c a la vista, euros","572","asset_cash","False"
